year,month,day,week,day_2,day_1,average,actual
2013,1,1,Fri,45,45,45.6,45
2013,1,2,Sat,44,45,45.7,44
2013,1,3,Sun,45,44,45.8,41
2013,1,4,Mon,44,41,45.9,40
2013,1,5,Tues,41,40,46,44
2013,1,6,Wed,40,44,46.1,51
2013,1,7,Thurs,44,51,46.2,45
2013,1,8,Fri,51,45,46.3,48
2013,1,9,Sat,45,48,46.4,50
2013,1,10,Sun,48,50,46.5,52
2013,1,11,Mon,50,52,46.7,45
2013,1,12,Tues,52,45,46.8,49
2013,1,13,Wed,45,49,46.9,55
2013,1,14,Thurs,49,55,47,49
2013,1,15,Fri,55,49,47.1,48
2013,1,16,Sat,49,48,47.3,54
2013,1,17,Sun,48,54,47.4,50
2013,1,18,Mon,54,50,47.5,54
2013,1,19,Tues,50,54,47.6,48
2013,1,20,Wed,54,48,47.7,52
2013,1,21,Thurs,48,52,47.8,52
2013,1,22,Fri,52,52,47.9,57
2013,1,23,Sat,52,57,48,48
2013,1,24,Sun,57,48,48.1,51
2013,1,25,Mon,48,51,48.2,54
2013,1,26,Tues,51,54,48.3,56
2013,1,27,Wed,54,56,48.4,57
2013,1,28,Thurs,56,57,48.4,56
2013,1,29,Fri,57,56,48.5,52
2013,1,30,Sat,56,52,48.6,48
2013,1,31,Sun,52,48,48.7,47
2013,2,1,Mon,48,47,48.8,46
2013,2,2,Tues,47,46,48.8,51
2013,2,3,Wed,46,51,48.9,49
2013,2,4,Thurs,51,49,49,49
2013,2,5,Fri,49,49,49.1,53
2013,2,6,Sat,49,53,49.1,49
2013,2,7,Sun,53,49,49.2,51
2013,2,8,Mon,49,51,49.3,57
2013,2,9,Tues,51,57,49.4,62
2013,2,10,Wed,57,62,49.4,56
2013,2,11,Thurs,62,56,49.5,55
2013,2,12,Fri,56,55,49.6,58
2013,2,15,Mon,55,58,49.9,55
2013,2,16,Tues,58,55,49.9,56
2013,2,17,Wed,55,56,50,57
2013,2,18,Thurs,56,57,50.1,53
2013,2,19,Fri,57,53,50.2,51
2013,2,20,Sat,53,51,50.4,53
2013,2,21,Sun,51,53,50.5,51
2013,2,22,Mon,53,51,50.6,51
2013,2,23,Tues,51,51,50.7,60
2013,2,24,Wed,51,60,50.8,59
2013,2,25,Thurs,60,59,50.9,61
2013,2,26,Fri,59,61,51.1,60
2013,2,27,Sat,61,60,51.2,57
2013,2,28,Sun,60,57,51.3,53
2013,3,1,Tues,53,54,51.5,58
2013,3,2,Wed,54,58,51.6,55
2013,3,3,Thurs,58,55,51.8,59
2013,3,4,Fri,55,59,51.9,57
2013,3,5,Sat,59,57,52.1,64
2013,3,6,Sun,57,64,52.2,60
2013,3,7,Mon,64,60,52.4,53
2013,3,8,Tues,60,53,52.5,54
2013,3,9,Wed,53,54,52.7,55
2013,3,10,Thurs,54,55,52.8,56
2013,3,11,Fri,55,56,53,55
2013,3,12,Sat,56,55,53.1,52
2013,3,13,Sun,55,52,53.3,54
2013,3,14,Mon,52,54,53.4,49
2013,3,15,Tues,54,49,53.6,51
2013,3,16,Wed,49,51,53.7,53
2013,3,17,Thurs,51,53,53.9,58
2013,3,18,Fri,53,58,54,63
2013,3,19,Sat,58,63,54.2,61
2013,3,20,Sun,63,61,54.3,55
2013,3,21,Mon,61,55,54.5,56
2013,3,22,Tues,55,56,54.6,57
2013,3,23,Wed,56,57,54.7,53
2013,3,24,Thurs,57,53,54.9,54
2013,3,25,Fri,53,54,55,57
2013,3,26,Sat,54,57,55.2,59
2013,3,27,Sun,57,59,55.3,51
2013,3,28,Mon,59,51,55.5,56
2013,3,29,Tues,51,56,55.6,64
2013,3,30,Wed,56,64,55.7,68
2013,3,31,Thurs,64,68,55.9,73
2013,4,1,Fri,68,73,56,71
2013,4,2,Sat,73,71,56.2,63
2013,4,3,Sun,71,63,56.3,69
2013,4,4,Mon,63,69,56.5,60
2013,4,5,Tues,69,60,56.6,57
2013,4,6,Wed,60,57,56.8,68
2013,4,7,Thurs,57,68,56.9,77
2013,4,8,Fri,68,77,57.1,76
2013,4,9,Sat,77,76,57.2,66
2013,4,10,Sun,76,66,57.4,59
2013,4,11,Mon,66,59,57.6,58
2013,4,12,Tues,59,58,57.7,60
2013,4,13,Wed,58,60,57.9,59
2013,4,14,Thurs,60,59,58.1,59
2013,4,15,Fri,59,59,58.3,60
2013,4,16,Sat,59,60,58.5,68
2013,4,17,Sun,60,68,58.6,77
2013,4,18,Mon,68,77,58.8,89
2013,4,19,Tues,77,89,59,81
2013,4,20,Wed,89,81,59.2,81
2013,4,21,Thurs,81,81,59.4,73
2013,4,22,Fri,81,73,59.7,64
2013,4,23,Sat,73,64,59.9,65
2013,4,24,Sun,64,65,60.1,55
2013,4,25,Mon,65,55,60.3,59
2013,4,26,Tues,55,59,60.5,60
2013,4,27,Wed,59,60,60.7,61
2013,4,28,Thurs,60,61,61,64
2013,4,29,Fri,61,64,61.2,61
2013,4,30,Sat,64,61,61.4,68
2013,5,1,Sun,61,68,61.6,77
2013,5,2,Mon,68,77,61.9,87
2013,5,3,Tues,77,87,62.1,74
2013,5,4,Wed,87,74,62.3,60
2013,5,5,Thurs,74,60,62.5,68
2013,5,6,Fri,60,68,62.8,77
2013,5,7,Sat,68,77,63,82
2013,5,8,Sun,77,82,63.2,63
2013,5,9,Mon,82,63,63.4,67
2013,5,10,Tues,63,67,63.6,75
2013,5,11,Wed,67,75,63.8,81
2013,5,12,Thurs,75,81,64.1,77
2013,5,13,Fri,81,77,64.3,82
2013,5,14,Sat,77,82,64.5,65
2013,5,15,Sun,82,65,64.7,57
2013,5,16,Mon,65,57,64.8,60
2013,5,17,Tues,57,60,65,71
2013,5,18,Wed,60,71,65.2,64
2013,5,19,Thurs,71,64,65.4,63
2013,5,20,Fri,64,63,65.6,66
2013,5,21,Sat,63,66,65.7,59
2013,5,22,Sun,66,59,65.9,66
2013,5,23,Mon,59,66,66.1,65
2013,5,24,Tues,66,65,66.2,66
2013,5,25,Wed,65,66,66.4,66
2013,5,26,Thurs,66,66,66.5,65
2013,5,27,Fri,66,65,66.7,64
2013,5,28,Sat,65,64,66.8,64
2013,5,29,Sun,64,64,67,64
2013,5,30,Mon,64,64,67.1,71
2013,5,31,Tues,64,71,67.3,79
2013,6,1,Wed,71,79,67.4,75
2013,6,2,Thurs,79,75,67.6,71
2013,6,3,Fri,75,71,67.7,80
2013,6,4,Sat,71,80,67.9,81
2013,6,5,Sun,80,81,68,92
2013,6,6,Mon,81,92,68.2,86
2013,6,7,Tues,92,86,68.3,85
2013,6,8,Wed,86,85,68.5,67
2013,6,9,Thurs,85,67,68.6,65
2013,6,10,Fri,67,65,68.8,67
2013,6,11,Sat,65,67,69,65
2013,6,12,Sun,67,65,69.1,70
2013,6,13,Mon,65,70,69.3,66
2013,6,14,Tues,70,66,69.5,60
2013,6,15,Wed,66,60,69.7,67
2013,6,16,Thurs,60,67,69.8,71
2013,6,17,Fri,67,71,70,67
2013,6,18,Sat,71,67,70.2,65
2013,6,19,Sun,67,65,70.4,70
2013,6,20,Mon,65,70,70.6,76
2013,6,21,Tues,70,76,70.8,73
2013,6,22,Wed,76,73,71,75
2013,6,23,Thurs,73,75,71.3,68
2013,6,24,Fri,75,68,71.5,69
2013,6,25,Sat,68,69,71.7,71
2013,6,26,Sun,69,71,71.9,78
2013,6,27,Mon,71,78,72.2,85
2013,6,28,Tues,78,85,72.4,79
2013,6,29,Wed,85,79,72.6,74
2013,6,30,Thurs,79,74,72.8,73
2013,7,1,Fri,74,73,73.1,76
2013,7,2,Sat,73,76,73.3,76
2013,7,3,Sun,76,76,73.5,71
2013,7,4,Mon,76,71,73.8,68
2013,7,5,Tues,71,68,74,69
2013,7,6,Wed,68,69,74.2,76
2013,7,7,Thurs,69,76,74.4,68
2013,7,8,Fri,76,68,74.6,74
2013,7,9,Sat,68,74,74.9,71
2013,7,10,Sun,74,71,75.1,74
2013,7,11,Mon,71,74,75.3,74
2013,7,12,Tues,74,74,75.4,77
2013,7,13,Wed,74,77,75.6,75
2013,7,14,Thurs,77,75,75.8,77
2013,7,15,Fri,75,77,76,76
2013,7,16,Sat,77,76,76.1,72
2013,7,17,Sun,76,72,76.3,80
2013,7,18,Mon,72,80,76.4,73
2013,7,19,Tues,80,73,76.6,78
2013,7,20,Wed,73,78,76.7,82
2013,7,21,Thurs,78,82,76.8,81
2013,7,22,Fri,82,81,76.9,71
2013,7,23,Sat,81,71,77,75
2013,7,24,Sun,71,75,77.1,80
2013,7,25,Mon,75,80,77.1,85
2013,7,26,Tues,80,85,77.2,79
2013,7,27,Wed,85,79,77.3,83
2013,7,28,Thurs,79,83,77.3,85
2013,7,29,Fri,83,85,77.3,88
2013,7,30,Sat,85,88,77.3,76
2013,7,31,Sun,88,76,77.4,73
2013,8,1,Mon,76,73,77.4,77
2013,8,2,Tues,73,77,77.4,73
2013,8,3,Wed,77,73,77.3,75
2013,8,4,Thurs,73,75,77.3,80
2013,8,5,Fri,75,80,77.3,79
2013,8,6,Sat,80,79,77.2,72
2013,8,7,Sun,79,72,77.2,72
2013,8,8,Mon,72,72,77.1,73
2013,8,9,Tues,72,73,77.1,72
2013,8,10,Wed,73,72,77,76
2013,8,11,Thurs,72,76,76.9,80
2013,8,12,Fri,76,80,76.9,87
2013,8,13,Sat,80,87,76.8,90
2013,8,14,Sun,87,90,76.7,83
2013,8,15,Mon,90,83,76.6,84
2013,8,16,Tues,83,84,76.5,81
2013,8,23,Tues,84,81,75.7,79
2013,8,28,Sun,81,79,75,75
2013,8,30,Tues,79,75,74.6,70
2013,9,3,Sat,75,70,73.9,67
2013,9,4,Sun,70,67,73.7,68
2013,9,5,Mon,67,68,73.5,68
2013,9,6,Tues,68,68,73.3,68
2013,9,7,Wed,68,68,73,67
2013,9,8,Thurs,68,67,72.8,72
2013,9,9,Fri,67,72,72.6,74
2013,9,10,Sat,72,74,72.3,77
2013,9,11,Sun,74,77,72.1,70
2013,9,12,Mon,77,70,71.8,74
2013,9,13,Tues,70,74,71.5,75
2013,9,14,Wed,74,75,71.2,79
2013,9,15,Thurs,75,79,71,71
2013,9,16,Fri,79,71,70.7,75
2013,9,17,Sat,71,75,70.3,68
2013,9,18,Sun,75,68,70,69
2013,9,19,Mon,68,69,69.7,71
2013,9,20,Tues,69,71,69.4,67
2013,9,21,Wed,71,67,69,68
2013,9,22,Thurs,67,68,68.7,67
2013,9,23,Fri,68,67,68.3,64
2013,9,24,Sat,67,64,68,67
2013,9,25,Sun,64,67,67.6,76
2013,9,26,Mon,67,76,67.2,77
2013,9,27,Tues,76,77,66.8,69
2013,9,28,Wed,77,69,66.5,68
2013,9,29,Thurs,69,68,66.1,66
2013,9,30,Fri,68,66,65.7,67
2013,10,1,Sat,66,67,65.3,63
2013,10,2,Sun,67,63,64.9,65
2013,10,3,Mon,63,65,64.5,61
2013,10,4,Tues,65,61,64.1,63
2013,10,5,Wed,61,63,63.7,66
2013,10,6,Thurs,63,66,63.3,63
2013,10,7,Fri,66,63,62.9,64
2013,10,8,Sat,63,64,62.5,68
2013,10,9,Sun,64,68,62.1,57
2013,10,10,Mon,68,57,61.8,60
2013,10,11,Tues,57,60,61.4,62
2013,10,12,Wed,60,62,61,66
2013,10,13,Thurs,62,66,60.6,60
2013,10,14,Fri,66,60,60.2,60
2013,10,15,Sat,60,60,59.9,62
2013,10,16,Sun,60,62,59.5,60
2013,10,17,Mon,62,60,59.1,60
2013,10,18,Tues,60,60,58.8,61
2013,10,19,Wed,60,61,58.4,58
2013,10,20,Thurs,61,58,58.1,62
2013,10,21,Fri,58,62,57.8,59
2013,10,22,Sat,62,59,57.4,62
2013,10,23,Sun,59,62,57.1,62
2013,10,24,Mon,62,62,56.8,61
2013,10,25,Tues,62,61,56.5,65
2013,10,26,Wed,61,65,56.2,58
2013,10,27,Thurs,65,58,55.9,60
2013,10,28,Fri,58,60,55.6,65
2013,10,29,Sat,60,65,55.3,68
2013,10,31,Mon,65,68,54.8,59
2013,11,1,Tues,68,59,54.5,57
2013,11,2,Wed,59,57,54.2,57
2013,11,3,Thurs,57,57,53.9,65
2013,11,4,Fri,57,65,53.7,65
2013,11,5,Sat,65,65,53.4,58
2013,11,6,Sun,65,58,53.2,61
2013,11,7,Mon,58,61,52.9,63
2013,11,8,Tues,61,63,52.7,71
2013,11,9,Wed,63,71,52.4,65
2013,11,10,Thurs,71,65,52.2,64
2013,11,11,Fri,65,64,51.9,63
2013,11,12,Sat,64,63,51.7,59
2013,11,13,Sun,63,59,51.4,55
2013,11,14,Mon,59,55,51.2,57
2013,11,15,Tues,55,57,51,55
2013,11,16,Wed,57,55,50.7,50
2013,11,17,Thurs,55,50,50.5,52
2013,11,18,Fri,50,52,50.3,55
2013,11,19,Sat,52,55,50,57
2013,11,20,Sun,55,57,49.8,55
2013,11,21,Mon,57,55,49.5,54
2013,11,22,Tues,55,54,49.3,54
2013,11,23,Wed,54,54,49.1,49
2013,11,24,Thurs,54,49,48.9,52
2013,11,25,Fri,49,52,48.6,52
2013,11,26,Sat,52,52,48.4,53
2013,11,27,Sun,52,53,48.2,48
2013,11,28,Mon,53,48,48,52
2013,11,29,Tues,48,52,47.8,52
2013,11,30,Wed,52,52,47.6,52
2013,12,1,Thurs,52,52,47.4,46
2013,12,2,Fri,52,46,47.2,50
2013,12,3,Sat,46,50,47,49
2013,12,4,Sun,50,49,46.8,46
2013,12,5,Mon,49,46,46.6,40
2013,12,6,Tues,46,40,46.4,42
2013,12,7,Wed,40,42,46.3,40
2013,12,8,Thurs,42,40,46.1,41
2013,12,9,Fri,40,41,46,36
2013,12,10,Sat,41,36,45.9,44
2013,12,11,Sun,36,44,45.7,44
2013,12,12,Mon,44,44,45.6,43
2013,12,13,Tues,44,43,45.5,40
2013,12,14,Wed,43,40,45.4,39
2013,12,15,Thurs,40,39,45.3,39
2013,12,16,Fri,39,39,45.3,35
2013,12,17,Sat,39,35,45.2,35
2013,12,18,Sun,35,35,45.2,39
2013,12,19,Mon,35,39,45.1,46
2013,12,20,Tues,39,46,45.1,51
2013,12,21,Wed,46,51,45.1,49
2013,12,22,Thurs,51,49,45.1,45
2013,12,23,Fri,49,45,45.1,40
2013,12,24,Sat,45,40,45.1,41
2013,12,25,Sun,40,41,45.1,42
2013,12,26,Mon,41,42,45.2,42
2013,12,27,Tues,42,42,45.2,47
2013,12,28,Wed,42,47,45.3,48
2013,12,29,Thurs,47,48,45.3,48
2013,12,30,Fri,48,48,45.4,57
2013,12,31,Sat,48,57,45.5,40
2014,1,1,Fri,57,40,43.9,46
2014,1,2,Sat,40,46,46.8,44
2014,1,3,Sun,46,44,47.3,40
2014,1,4,Mon,44,40,44.9,39
2014,1,5,Tues,40,39,45.1,42
2014,1,6,Wed,39,42,44.2,51
2014,1,7,Thurs,42,51,44.6,46
2014,1,8,Fri,51,46,48.2,47
2014,1,9,Sat,46,47,44.8,51
2014,1,10,Sun,47,51,44.5,51
2014,1,11,Mon,51,51,45,46
2014,1,12,Tues,51,46,48.4,51
2014,1,13,Wed,46,51,48.1,57
2014,1,14,Thurs,51,57,45.7,50
2014,1,15,Fri,57,50,48,49
2014,1,16,Sat,50,49,48.2,54
2014,1,17,Sun,49,54,47.8,50
2014,1,18,Mon,54,50,48.1,54
2014,1,19,Tues,50,54,48,50
2014,1,20,Wed,54,50,48,53
2014,1,21,Thurs,50,53,46.4,51
2014,1,22,Fri,53,51,46.9,57
2014,1,23,Sat,51,57,49.1,48
2014,1,24,Sun,57,48,47.9,50
2014,1,25,Mon,48,50,49.7,52
2014,1,26,Tues,50,52,47.9,55
2014,1,27,Wed,52,55,48.6,58
2014,1,28,Thurs,55,58,48.3,57
2014,1,29,Fri,58,57,49.1,50
2014,1,30,Sat,57,50,50.1,49
2014,1,31,Sun,50,49,47.3,48
2014,2,1,Mon,49,48,46.9,48
2014,2,2,Tues,48,48,49.8,50
2014,2,3,Wed,48,50,50.3,50
2014,2,4,Thurs,50,50,49.3,48
2014,2,5,Fri,50,48,48.7,52
2014,2,6,Sat,48,52,49,47
2014,2,7,Sun,52,47,49.5,51
2014,2,8,Mon,47,51,48.9,55
2014,2,9,Tues,51,55,49.1,64
2014,2,10,Wed,55,64,48.1,54
2014,2,11,Thurs,64,54,51.1,53
2014,2,12,Fri,54,53,49,58
2014,2,15,Mon,53,58,48.1,53
2014,2,16,Tues,58,53,50.7,58
2014,2,17,Wed,53,58,49.8,59
2014,2,18,Thurs,58,59,50.7,52
2014,2,19,Fri,59,52,51.4,50
2014,2,20,Sat,52,50,51.3,54
2014,2,21,Sun,50,54,49.7,50
2014,2,22,Mon,54,50,50.8,51
2014,2,23,Tues,50,51,50.8,58
2014,2,24,Wed,51,58,50.1,59
2014,2,25,Thurs,58,59,50.1,63
2014,2,26,Fri,59,63,50.8,58
2014,2,27,Sat,63,58,51.9,56
2014,2,28,Sun,58,56,52.9,54
2014,3,1,Tues,56,54,49.8,59
2014,3,2,Wed,54,59,52.7,56
2014,3,3,Thurs,59,56,50,61
2014,3,4,Fri,56,61,51.1,57
2014,3,5,Sat,61,57,52,63
2014,3,6,Sun,57,63,51.2,60
2014,3,7,Mon,63,60,50.8,53
2014,3,8,Tues,60,53,51.2,55
2014,3,9,Wed,53,55,51.9,57
2014,3,10,Thurs,55,57,54.2,54
2014,3,11,Fri,57,54,54.5,54
2014,3,12,Sat,54,54,53.3,50
2014,3,13,Sun,54,50,53.9,55
2014,3,14,Mon,50,55,51.9,50
2014,3,15,Tues,55,50,54.7,51
2014,3,16,Wed,50,51,53.4,55
2014,3,17,Thurs,51,55,52.8,56
2014,3,18,Fri,55,56,55.9,64
2014,3,19,Sat,56,64,55.2,63
2014,3,20,Sun,64,63,55.3,55
2014,3,21,Mon,63,55,55,55
2014,3,22,Tues,55,55,53.5,57
2014,3,23,Wed,55,57,55.8,52
2014,3,24,Thurs,57,52,54.1,53
2014,3,25,Fri,52,53,54.9,55
2014,3,26,Sat,53,55,57,60
2014,3,27,Sun,55,60,57.3,52
2014,3,28,Mon,60,52,56.9,55
2014,3,29,Tues,52,55,56.2,63
2014,3,30,Wed,55,63,57.2,66
2014,3,31,Thurs,63,66,54.3,74
2014,4,1,Fri,66,74,57.2,70
2014,4,2,Sat,74,70,56.1,64
2014,4,3,Sun,70,64,57.3,68
2014,4,4,Mon,64,68,55.6,60
2014,4,5,Tues,68,60,54.9,57
2014,4,6,Wed,60,57,55.4,68
2014,4,7,Thurs,57,68,58.3,79
2014,4,8,Fri,68,79,56.1,78
2014,4,9,Sat,79,78,57.8,67
2014,4,10,Sun,78,67,55.5,57
2014,4,11,Mon,67,57,56.7,60
2014,4,12,Tues,57,60,58.1,58
2014,4,13,Wed,60,58,57.6,61
2014,4,14,Thurs,58,61,56.6,57
2014,4,15,Fri,61,57,56.5,60
2014,4,16,Sat,57,60,57.1,69
2014,4,17,Sun,60,69,59.4,75
2014,4,18,Mon,69,75,60.4,89
2014,4,19,Tues,75,89,58.7,80
2014,4,20,Wed,89,80,59.9,83
2014,4,21,Thurs,80,83,60.6,72
2014,4,22,Fri,83,72,57.8,62
2014,4,23,Sat,72,62,59.9,65
2014,4,24,Sun,62,65,60.8,57
2014,4,25,Mon,65,57,61.7,61
2014,4,26,Tues,57,61,59,58
2014,4,27,Wed,61,58,62.4,60
2014,4,28,Thurs,58,60,60.9,63
2014,4,29,Fri,60,63,62.6,60
2014,4,30,Sat,63,60,63.1,66
2014,5,1,Sun,60,66,62.2,79
2014,5,2,Mon,66,79,63.7,85
2014,5,3,Tues,79,85,62.1,74
2014,5,4,Wed,85,74,63.6,62
2014,5,5,Thurs,74,62,61.4,66
2014,5,6,Fri,62,66,62.5,78
2014,5,7,Sat,66,78,62.2,82
2014,5,8,Sun,78,82,62.9,61
2014,5,9,Mon,82,61,63.3,66
2014,5,10,Tues,61,66,62.7,75
2014,5,11,Wed,66,75,63.3,82
2014,5,12,Thurs,75,82,63.3,75
2014,5,13,Fri,82,75,62.6,83
2014,5,14,Sat,75,83,65.7,65
2014,5,15,Sun,83,65,65.4,58
2014,5,16,Mon,65,58,65.8,58
2014,5,17,Tues,58,58,66.7,69
2014,5,18,Wed,58,69,63.5,62
2014,5,19,Thurs,69,62,65,62
2014,5,20,Fri,62,62,66.5,66
2014,5,21,Sat,62,66,65.7,58
2014,5,22,Sun,66,58,65.4,64
2014,5,23,Mon,58,64,65.1,66
2014,5,24,Tues,64,66,67.7,64
2014,5,25,Wed,66,64,64.8,68
2014,5,26,Thurs,64,68,64.9,67
2014,5,27,Fri,68,67,65.5,65
2014,5,28,Sat,67,65,66.1,64
2014,5,29,Sun,65,64,65.7,62
2014,5,30,Mon,64,62,67.9,69
2014,5,31,Tues,62,69,67.6,77
2014,6,1,Wed,69,77,69.2,74
2014,6,2,Thurs,77,74,67.9,73
2014,6,3,Fri,74,73,68,82
2014,6,4,Sat,73,82,67.3,83
2014,6,5,Sun,82,83,68.8,93
2014,6,6,Mon,83,93,69.9,88
2014,6,7,Tues,93,88,69.4,85
2014,6,8,Wed,88,85,66.8,65
2014,6,9,Thurs,85,65,69.5,63
2014,6,10,Fri,65,63,69.1,68
2014,6,11,Sat,63,68,68.1,63
2014,6,12,Sun,68,63,70.3,68
2014,6,13,Mon,63,68,69.9,67
2014,6,14,Tues,68,67,69.7,62
2014,6,15,Wed,67,62,71.7,67
2014,6,16,Thurs,62,67,67.9,70
2014,6,17,Fri,67,70,71,66
2014,6,18,Sat,70,66,70.3,66
2014,6,19,Sun,66,66,70.7,72
2014,6,20,Mon,66,72,69.6,76
2014,6,21,Tues,72,76,70.7,75
2014,6,22,Wed,76,75,70.4,75
2014,6,23,Thurs,75,75,71.1,70
2014,6,24,Fri,75,70,72,71
2014,6,25,Sat,70,71,72.5,72
2014,6,26,Sun,71,72,70.7,80
2014,6,27,Mon,72,80,73,85
2014,6,28,Tues,80,85,72.6,77
2014,6,29,Wed,85,77,71.8,72
2014,6,30,Thurs,77,72,73.3,75
2014,7,1,Fri,72,75,74.7,78
2014,7,2,Sat,75,78,71.7,76
2014,7,3,Sun,78,76,72.3,72
2014,7,4,Mon,76,72,72.5,70
2014,7,5,Tues,72,70,74.2,71
2014,7,6,Wed,70,71,74,77
2014,7,7,Thurs,71,77,74.7,68
2014,7,8,Fri,77,68,75.7,73
2014,7,9,Sat,68,73,73.8,70
2014,7,10,Sun,73,70,73.6,72
2014,7,11,Mon,70,72,77.3,73
2014,7,12,Tues,72,73,74.5,76
2014,7,13,Wed,73,76,76,75
2014,7,14,Thurs,76,75,75.4,75
2014,7,15,Fri,75,75,74.1,77
2014,7,16,Sat,75,77,77,71
2014,7,17,Sun,77,71,77.8,82
2014,7,18,Mon,71,82,77.8,73
2014,7,19,Tues,82,73,78.1,80
2014,7,20,Wed,73,80,74.7,80
2014,7,21,Thurs,80,80,75.6,80
2014,7,22,Fri,80,80,77.2,70
2014,7,23,Sat,80,70,77.6,74
2014,7,24,Sun,70,74,75.8,78
2014,7,25,Mon,74,78,77.2,85
2014,7,26,Tues,78,85,75.9,81
2014,7,27,Wed,85,81,77.8,82
2014,7,28,Thurs,81,82,76.8,85
2014,7,29,Fri,82,85,79.1,90
2014,7,30,Sat,85,90,75.6,77
2014,7,31,Sun,90,77,75.6,75
2014,8,1,Mon,77,75,77.9,77
2014,8,2,Tues,75,77,76.9,72
2014,8,3,Wed,77,72,76.7,77
2014,8,4,Thurs,72,77,75.9,82
2014,8,5,Fri,77,82,78.6,79
2014,8,6,Sat,82,79,78.9,71
2014,8,7,Sun,79,71,77.3,71
2014,8,8,Mon,71,71,78.6,73
2014,8,9,Tues,71,73,77.1,70
2014,8,10,Wed,73,70,77.2,75
2014,8,11,Thurs,70,75,77.1,79
2014,8,12,Fri,75,79,78.1,86
2014,8,13,Sat,79,86,76.1,92
2014,8,14,Sun,86,92,77.1,84
2014,8,15,Mon,92,84,77.4,83
2014,8,16,Tues,84,83,76,82
2014,8,23,Tues,83,82,74.2,81
2014,8,28,Sun,82,81,76.9,73
2014,8,30,Tues,81,73,74.4,68
2014,9,3,Sat,73,68,73.2,69
2014,9,4,Sun,68,69,73.8,68
2014,9,5,Mon,69,68,73,66
2014,9,6,Tues,68,66,73,66
2014,9,7,Wed,66,66,73.6,67
2014,9,8,Thurs,66,67,71.3,73
2014,9,9,Fri,67,73,73.1,76
2014,9,10,Sat,73,76,71.2,76
2014,9,11,Sun,76,76,71.6,69
2014,9,12,Mon,76,69,70.1,76
2014,9,13,Tues,69,76,73.4,75
2014,9,14,Wed,76,75,72.2,77
2014,9,15,Thurs,75,77,72.6,69
2014,9,16,Fri,77,69,70.5,73
2014,9,17,Sat,69,73,72.3,70
2014,9,18,Sun,73,70,69.3,71
2014,9,19,Mon,70,71,67.8,73
2014,9,20,Tues,71,73,69.8,67
2014,9,21,Wed,73,67,69.3,66
2014,9,22,Thurs,67,66,69.7,65
2014,9,23,Fri,66,65,68.9,62
2014,9,24,Sat,65,62,67.8,68
2014,9,25,Sun,62,68,68.2,76
2014,9,26,Mon,68,76,67.7,76
2014,9,27,Tues,76,76,67,71
2014,9,28,Wed,76,71,64.8,68
2014,9,29,Thurs,71,68,66.5,66
2014,9,30,Fri,68,66,64,67
2014,10,1,Sat,66,67,64,63
2014,10,2,Sun,67,63,64.2,64
2014,10,3,Mon,63,64,65,63
2014,10,4,Tues,64,63,63.7,63
2014,10,5,Wed,63,63,62.6,68
2014,10,6,Thurs,63,68,63.2,64
2014,10,7,Fri,68,64,62.3,65
2014,10,8,Sat,64,65,62.3,70
2014,10,9,Sun,65,70,61.5,58
2014,10,10,Mon,70,58,63.5,59
2014,10,11,Tues,58,59,62.9,60
2014,10,12,Wed,59,60,62.4,64
2014,10,13,Thurs,60,64,61.8,61
2014,10,14,Fri,64,61,60.8,59
2014,10,15,Sat,61,59,59.9,61
2014,10,16,Sun,59,61,57.6,60
2014,10,17,Mon,61,60,60.7,60
2014,10,18,Tues,60,60,59.3,62
2014,10,19,Wed,60,62,57.9,58
2014,10,20,Thurs,62,58,57.1,63
2014,10,21,Fri,58,63,58.6,57
2014,10,22,Sat,63,57,59.3,62
2014,10,23,Sun,57,62,58,60
2014,10,24,Mon,62,60,58.5,62
2014,10,25,Tues,60,62,56.5,65
2014,10,26,Wed,62,65,57.1,56
2014,10,27,Thurs,65,56,54.6,62
2014,10,28,Fri,56,62,57.4,67
2014,10,29,Sat,62,67,56.4,66
2014,10,31,Mon,67,66,54.2,58
2014,11,1,Tues,66,58,54.3,55
2014,11,2,Wed,58,55,54.7,59
2014,11,3,Thurs,55,59,54.7,64
2014,11,4,Fri,59,64,55.5,67
2014,11,5,Sat,64,67,52.9,58
2014,11,6,Sun,67,58,54.3,62
2014,11,7,Mon,58,62,52.5,61
2014,11,8,Tues,62,61,52.1,72
2014,11,9,Wed,61,72,52.8,66
2014,11,10,Thurs,72,66,52.3,63
2014,11,11,Fri,66,63,50.8,63
2014,11,12,Sat,63,63,52.7,61
2014,11,13,Sun,63,61,49.4,53
2014,11,14,Mon,61,53,49.4,59
2014,11,15,Tues,53,59,50.5,55
2014,11,16,Wed,59,55,48.8,50
2014,11,17,Thurs,55,50,50.3,52
2014,11,18,Fri,50,52,51.2,56
2014,11,19,Sat,52,56,50,56
2014,11,20,Sun,56,56,50.9,55
2014,11,21,Mon,56,55,49.9,53
2014,11,22,Tues,55,53,50.5,53
2014,11,23,Wed,53,53,50.7,47
2014,11,24,Thurs,53,47,47,53
2014,11,25,Fri,47,53,49.6,53
2014,11,26,Sat,53,53,47.6,54
2014,11,27,Sun,53,54,47.9,47
2014,11,28,Mon,54,47,47.6,50
2014,11,29,Tues,47,50,48.2,51
2014,11,30,Wed,50,51,47.9,53
2014,12,1,Thurs,51,53,45.5,45
2014,12,2,Fri,53,45,48.5,48
2014,12,3,Sat,45,48,48.6,51
2014,12,4,Sun,48,51,45,45
2014,12,5,Mon,51,45,47.5,42
2014,12,6,Tues,45,42,48.1,42
2014,12,7,Wed,42,42,46.1,40
2014,12,8,Thurs,42,40,46.6,41
2014,12,9,Fri,40,41,45.2,36
2014,12,10,Sat,41,36,44.3,44
2014,12,11,Sun,36,44,46.6,44
2014,12,12,Mon,44,44,45.5,41
2014,12,13,Tues,44,41,44.3,42
2014,12,14,Wed,41,42,43.4,39
2014,12,15,Thurs,42,39,45.2,38
2014,12,16,Fri,39,38,44.8,34
2014,12,17,Sat,38,34,46.6,33
2014,12,18,Sun,34,33,43.9,39
2014,12,19,Mon,33,39,43.2,44
2014,12,20,Tues,39,44,43.6,53
2014,12,21,Wed,44,53,44.2,50
2014,12,22,Thurs,53,50,43.2,46
2014,12,23,Fri,50,46,44,39
2014,12,24,Sat,46,39,43.9,39
2014,12,25,Sun,39,39,47,43
2014,12,26,Mon,39,43,45.8,44
2014,12,27,Tues,43,44,44.9,45
2014,12,28,Wed,44,45,47,49
2014,12,29,Thurs,45,49,44,50
2014,12,30,Fri,49,50,45.3,59
2014,12,31,Sat,50,59,47.2,40
2015,1,1,Fri,59,40,44.8,43
2015,1,2,Sat,40,43,44.6,44
2015,1,3,Sun,43,44,47.3,39
2015,1,4,Mon,44,39,47.2,41
2015,1,5,Tues,39,41,47.3,44
2015,1,6,Wed,41,44,47.8,51
2015,1,7,Thurs,44,51,44.9,47
2015,1,8,Fri,51,47,44.8,46
2015,1,9,Sat,47,46,44.7,49
2015,1,10,Sun,46,49,48.5,54
2015,1,11,Mon,49,54,48.1,43
2015,1,12,Tues,54,43,44.9,48
2015,1,13,Wed,43,48,46.6,55
2015,1,14,Thurs,48,55,46.9,49
2015,1,15,Fri,55,49,49.1,50
2015,1,16,Sat,49,50,49,52
2015,1,17,Sun,50,52,47.8,48
2015,1,18,Mon,52,48,46.2,54
2015,1,19,Tues,48,54,45.9,50
2015,1,20,Wed,54,50,46.5,50
2015,1,21,Thurs,50,50,48.1,52
2015,1,22,Fri,50,52,49.8,58
2015,1,23,Sat,52,58,48.4,49
2015,1,24,Sun,58,49,46.9,52
2015,1,25,Mon,49,52,47.2,55
2015,1,26,Tues,52,55,50.3,56
2015,1,27,Wed,55,56,46.7,55
2015,1,28,Thurs,56,55,47.8,57
2015,1,29,Fri,55,57,47.8,50
2015,1,30,Sat,57,50,48.4,50
2015,1,31,Sun,50,50,47,47
2015,2,1,Mon,50,47,50.3,45
2015,2,2,Tues,47,45,49.6,53
2015,2,3,Wed,45,53,49,50
2015,2,4,Thurs,53,50,50.4,51
2015,2,5,Fri,50,51,47.7,52
2015,2,6,Sat,51,52,49.7,50
2015,2,7,Sun,52,50,48.4,53
2015,2,8,Mon,50,53,50.6,59
2015,2,9,Tues,53,59,48,60
2015,2,10,Wed,59,60,50.6,57
2015,2,11,Thurs,60,57,50.8,57
2015,2,12,Fri,57,57,51.6,59
2015,2,15,Mon,57,59,50.5,55
2015,2,16,Tues,59,55,48.9,58
2015,2,17,Wed,55,58,48.4,55
2015,2,18,Thurs,58,55,48.5,52
2015,2,19,Fri,55,52,49.1,52
2015,2,20,Sat,52,52,48.9,53
2015,2,21,Sun,52,53,51.2,52
2015,2,22,Mon,53,52,51.6,51
2015,2,23,Tues,52,51,50.2,61
2015,2,24,Wed,51,61,50.7,60
2015,2,25,Thurs,61,60,51.8,61
2015,2,26,Fri,60,61,49.5,59
2015,2,27,Sat,61,59,52.9,55
2015,2,28,Sun,59,55,52.5,54
2015,3,1,Tues,55,54,49.6,60
2015,3,2,Wed,54,60,50.4,55
2015,3,3,Thurs,60,55,50.2,61
2015,3,4,Fri,55,61,53.9,58
2015,3,5,Sat,61,58,52.9,64
2015,3,6,Sun,58,64,52.1,59
2015,3,7,Mon,64,59,52.6,52
2015,3,8,Tues,59,52,51.2,52
2015,3,9,Wed,52,52,54.5,56
2015,3,10,Thurs,52,56,54,56
2015,3,11,Fri,56,56,53.3,53
2015,3,12,Sat,56,53,51.1,54
2015,3,13,Sun,53,54,52.1,53
2015,3,14,Mon,54,53,53.2,50
2015,3,15,Tues,53,50,52.2,53
2015,3,16,Wed,50,53,54.5,55
2015,3,17,Thurs,53,55,54.4,56
2015,3,18,Fri,55,56,52.3,63
2015,3,19,Sat,56,63,54,61
2015,3,20,Sun,63,61,55.1,53
2015,3,21,Mon,61,53,53.2,58
2015,3,22,Tues,53,58,52.7,55
2015,3,23,Wed,58,55,53.2,52
2015,3,24,Thurs,55,52,56,54
2015,3,25,Fri,52,54,53.6,57
2015,3,26,Sat,54,57,56,60
2015,3,27,Sun,57,60,56.6,49
2015,3,28,Mon,60,49,54.6,57
2015,3,29,Tues,49,57,57.6,63
2015,3,30,Wed,57,63,54,69
2015,3,31,Thurs,63,69,56.8,74
2015,4,1,Fri,69,74,55.7,71
2015,4,2,Sat,74,71,56.7,64
2015,4,3,Sun,71,64,54.9,71
2015,4,4,Mon,64,71,54.9,62
2015,4,5,Tues,71,62,58.3,58
2015,4,6,Wed,62,58,56.4,70
2015,4,7,Thurs,58,70,56.3,77
2015,4,8,Fri,70,77,58.9,77
2015,4,9,Sat,77,77,58.8,64
2015,4,10,Sun,77,64,59,57
2015,4,11,Mon,64,57,56.1,56
2015,4,12,Tues,57,56,56.9,58
2015,4,13,Wed,56,58,56.9,59
2015,4,14,Thurs,58,59,56.1,59
2015,4,15,Fri,59,59,56.5,60
2015,4,16,Sat,59,60,59.6,69
2015,4,17,Sun,60,69,57.7,78
2015,4,18,Mon,69,78,60.1,89
2015,4,19,Tues,78,89,60,83
2015,4,20,Wed,89,83,61.1,81
2015,4,21,Thurs,83,81,57.9,74
2015,4,22,Fri,81,74,60.1,65
2015,4,23,Sat,74,65,60.4,66
2015,4,24,Sun,65,66,60,56
2015,4,25,Mon,66,56,59.9,58
2015,4,26,Tues,56,58,61.7,61
2015,4,27,Wed,58,61,60.4,61
2015,4,28,Thurs,61,61,59.1,66
2015,4,29,Fri,61,66,60.7,61
2015,4,30,Sat,66,61,62.3,68
2015,5,1,Sun,61,68,60.5,79
2015,5,2,Mon,68,79,61.2,86
2015,5,3,Tues,79,86,62.6,74
2015,5,4,Wed,86,74,60.5,59
2015,5,5,Thurs,74,59,63.2,66
2015,5,6,Fri,59,66,63.7,78
2015,5,7,Sat,66,78,62.6,81
2015,5,8,Sun,78,81,64.4,64
2015,5,9,Mon,81,64,63.1,65
2015,5,10,Tues,64,65,64.7,77
2015,5,11,Wed,65,77,63.4,80
2015,5,12,Thurs,77,80,65.1,75
2015,5,13,Fri,80,75,63.2,80
2015,5,14,Sat,75,80,64,67
2015,5,15,Sun,80,67,64.9,56
2015,5,16,Mon,67,56,66.1,61
2015,5,17,Tues,56,61,66.2,70
2015,5,18,Wed,61,70,66.2,66
2015,5,19,Thurs,70,66,64.7,61
2015,5,20,Fri,66,61,65.3,64
2015,5,21,Sat,61,64,67.1,61
2015,5,22,Sun,64,61,67.6,64
2015,5,23,Mon,61,64,64.9,66
2015,5,24,Tues,64,66,67.3,68
2015,5,25,Wed,66,68,64.8,66
2015,5,26,Thurs,68,66,66.9,64
2015,5,27,Fri,66,64,67.7,66
2015,5,28,Sat,64,66,68.7,66
2015,5,29,Sun,66,66,68,63
2015,5,30,Mon,66,63,68.1,71
2015,5,31,Tues,63,71,65.3,78
2015,6,1,Wed,71,78,69.4,77
2015,6,2,Thurs,78,77,67.2,72
2015,6,3,Fri,77,72,66.5,78
2015,6,4,Sat,72,78,67.3,79
2015,6,5,Sun,78,79,68.8,90
2015,6,6,Mon,79,90,68.3,86
2015,6,7,Tues,90,86,69.7,87
2015,6,8,Wed,86,87,68.5,68
2015,6,9,Thurs,87,68,67.3,66
2015,6,10,Fri,68,66,67.1,68
2015,6,11,Sat,66,68,69.4,67
2015,6,12,Sun,68,67,70.4,70
2015,6,13,Mon,67,70,68.8,68
2015,6,14,Tues,70,68,68.2,58
2015,6,15,Wed,68,58,69.6,65
2015,6,16,Thurs,58,65,70.9,73
2015,6,17,Fri,65,73,69.7,67
2015,6,18,Sat,73,67,70,65
2015,6,19,Sun,67,65,71.7,72
2015,6,20,Mon,65,72,69.1,74
2015,6,21,Tues,72,74,69.7,71
2015,6,22,Wed,74,71,69.9,75
2015,6,23,Thurs,71,75,70.5,69
2015,6,24,Fri,75,69,70.1,70
2015,6,25,Sat,69,70,71.9,70
2015,6,26,Sun,70,70,73.8,79
2015,6,27,Mon,70,79,70.8,83
2015,6,28,Tues,79,83,71.2,78
2015,6,29,Wed,83,78,72.8,75
2015,6,30,Thurs,78,75,74.1,71
2015,7,1,Fri,75,71,71.5,77
2015,7,2,Sat,71,77,71.9,78
2015,7,3,Sun,77,78,73.2,72
2015,7,4,Mon,78,72,74,67
2015,7,5,Tues,72,67,74.6,67
2015,7,6,Wed,67,67,75.3,75
2015,7,7,Thurs,67,75,74.9,70
2015,7,8,Fri,75,70,76,72
2015,7,9,Sat,70,72,73.7,71
2015,7,10,Sun,72,71,74.8,73
2015,7,11,Mon,71,73,75.2,72
2015,7,12,Tues,73,72,74.5,75
2015,7,13,Wed,72,75,75.8,77
2015,7,14,Thurs,75,77,75,76
2015,7,15,Fri,77,76,74.5,74
2015,7,16,Sat,76,74,74.9,72
2015,7,17,Sun,74,72,76,79
2015,7,18,Mon,72,79,75.3,72
2015,7,19,Tues,79,72,78,78
2015,7,20,Wed,72,78,77.3,81
2015,7,21,Thurs,78,81,78.2,82
2015,7,22,Fri,81,82,78.8,73
2015,7,23,Sat,82,73,76.6,74
2015,7,24,Sun,73,74,76,81
2015,7,25,Mon,74,81,77.1,87
2015,7,26,Tues,81,87,78.1,79
2015,7,27,Wed,87,79,75.9,85
2015,7,28,Thurs,79,85,76,87
2015,7,29,Fri,85,87,79,86
2015,7,30,Sat,87,86,76.8,76
2015,7,31,Sun,86,76,78.7,72
2015,8,1,Mon,76,72,76.6,77
2015,8,2,Tues,72,77,77.4,75
2015,8,3,Wed,77,75,75.5,73
2015,8,4,Thurs,75,73,78.7,80
2015,8,5,Fri,73,80,79,80
2015,8,6,Sat,80,80,77.8,73
2015,8,7,Sun,80,73,77.6,70
2015,8,8,Mon,73,70,78.7,73
2015,8,9,Tues,70,73,76.6,72
2015,8,10,Wed,73,72,78.6,75
2015,8,11,Thurs,72,75,78.8,78
2015,8,12,Fri,75,78,75.3,87
2015,8,13,Sat,78,87,78.4,89
2015,8,14,Sun,87,89,75.9,84
2015,8,15,Mon,89,84,77.9,84
2015,8,16,Tues,84,84,75.5,81
2015,8,23,Tues,84,81,76.4,77
2015,8,28,Sun,81,77,74,73
2015,8,30,Tues,77,73,73.2,70
2015,9,3,Sat,73,70,73.5,66
2015,9,4,Sun,70,66,72.9,70
2015,9,5,Mon,66,70,75.2,66
2015,9,6,Tues,70,66,71.5,70
2015,9,7,Wed,66,70,72.2,67
2015,9,8,Thurs,70,67,73.4,72
2015,9,9,Fri,67,72,72.2,73
2015,9,10,Sat,72,73,70.5,77
2015,9,11,Sun,73,77,73,71
2015,9,12,Mon,77,71,71.7,73
2015,9,13,Tues,71,73,71.1,76
2015,9,14,Wed,73,76,70,78
2015,9,15,Thurs,76,78,69.4,70
2015,9,16,Fri,78,70,69.7,73
2015,9,17,Sat,70,73,71.6,66
2015,9,18,Sun,73,66,69.8,68
2015,9,19,Mon,66,68,68.7,71
2015,9,20,Tues,68,71,71.4,68
2015,9,21,Wed,71,68,70.4,66
2015,9,22,Thurs,68,66,69.5,65
2015,9,23,Fri,66,65,68.3,66
2015,9,24,Sat,65,66,66.7,69
2015,9,25,Sun,66,69,68.9,78
2015,9,26,Mon,69,78,68,77
2015,9,27,Tues,78,77,66.3,68
2015,9,28,Wed,77,68,66.4,66
2015,9,29,Thurs,68,66,65,65
2015,9,30,Fri,66,65,65.5,65
2015,10,1,Sat,65,65,65.9,64
2015,10,2,Sun,65,64,65.2,67
2015,10,3,Mon,64,67,62.7,61
2015,10,4,Tues,67,61,63.9,61
2015,10,5,Wed,61,61,61.9,64
2015,10,6,Thurs,61,64,61.6,65
2015,10,7,Fri,64,65,64.4,64
2015,10,8,Sat,65,64,64.4,66
2015,10,9,Sun,64,66,61.6,55
2015,10,10,Mon,66,55,62.7,59
2015,10,11,Tues,55,59,59.7,60
2015,10,12,Wed,59,60,59.8,67
2015,10,13,Thurs,60,67,61.8,62
2015,10,14,Fri,67,62,58.8,62
2015,10,15,Sat,62,62,61.8,63
2015,10,16,Sun,62,63,59.5,58
2015,10,17,Mon,63,58,59.4,61
2015,10,18,Tues,58,61,60.8,63
2015,10,19,Wed,61,63,58.5,58
2015,10,20,Thurs,63,58,60,61
2015,10,21,Fri,58,61,59.5,57
2015,10,22,Sat,61,57,58.8,63
2015,10,23,Sun,57,63,58,60
2015,10,24,Mon,63,60,54.8,62
2015,10,25,Tues,60,62,55.7,63
2015,10,26,Wed,62,63,54.7,58
2015,10,27,Thurs,63,58,55,59
2015,10,28,Fri,58,59,55.1,65
2015,10,29,Sat,59,65,54.4,67
2015,10,31,Mon,65,67,56.6,58
2015,11,1,Tues,67,58,53.2,58
2015,11,2,Wed,58,58,52.2,57
2015,11,3,Thurs,58,57,52.9,63
2015,11,4,Fri,57,63,54,65
2015,11,5,Sat,63,65,53.8,59
2015,11,6,Sun,65,59,51.8,60
2015,11,7,Mon,59,60,53.2,64
2015,11,8,Tues,60,64,53.9,72
2015,11,9,Wed,64,72,53.4,65
2015,11,10,Thurs,72,65,50.4,62
2015,11,11,Fri,65,62,52.9,61
2015,11,12,Sat,62,61,49.8,61
2015,11,13,Sun,61,61,50.7,53
2015,11,14,Mon,61,53,51.2,57
2015,11,15,Tues,53,57,50.8,56
2015,11,16,Wed,57,56,50.7,48
2015,11,17,Thurs,56,48,49.9,50
2015,11,18,Fri,48,50,51.3,57
2015,11,19,Sat,50,57,50.8,56
2015,11,20,Sun,57,56,51.6,53
2015,11,21,Mon,56,53,50.4,56
2015,11,22,Tues,53,56,50.9,53
2015,11,23,Wed,56,53,48,51
2015,11,24,Thurs,53,51,49.7,53
2015,11,25,Fri,51,53,48,50
2015,11,26,Sat,53,50,49.1,54
2015,11,27,Sun,50,54,47.6,50
2015,11,28,Mon,54,50,46.3,51
2015,11,29,Tues,50,51,47.6,52
2015,11,30,Wed,51,52,47.2,52
2015,12,1,Thurs,52,52,48.8,45
2015,12,2,Fri,52,45,48.1,51
2015,12,3,Sat,45,51,47,47
2015,12,4,Sun,51,47,47.6,48
2015,12,5,Mon,47,48,46.3,41
2015,12,6,Tues,48,41,46.6,44
2015,12,7,Wed,41,44,47.3,39
2015,12,8,Thurs,44,39,44.8,40
2015,12,9,Fri,39,40,44.9,36
2015,12,10,Sat,40,36,45.4,45
2015,12,11,Sun,36,45,44.3,42
2015,12,12,Mon,45,42,45.5,44
2015,12,13,Tues,42,44,44.4,39
2015,12,14,Wed,44,39,46,39
2015,12,15,Thurs,39,39,45.1,40
2015,12,16,Fri,39,40,44.5,33
2015,12,17,Sat,40,33,45.9,33
2015,12,18,Sun,33,33,44.2,40
2015,12,19,Mon,33,40,46,47
2015,12,20,Tues,40,47,46.3,53
2015,12,21,Wed,47,53,46.6,49
2015,12,22,Thurs,53,49,45.1,45
2015,12,23,Fri,49,45,43.2,40
2015,12,24,Sat,45,40,45.6,40
2015,12,25,Sun,40,40,44.3,40
2015,12,26,Mon,40,40,46.4,41
2015,12,27,Tues,40,41,45.4,47
2015,12,28,Wed,41,47,44.4,46
2015,12,29,Thurs,47,46,45.3,47
2015,12,30,Fri,46,47,47.2,59
2015,12,31,Sat,47,59,47.2,39
2016,1,1,Fri,59,39,42.8,47
2016,1,2,Sat,39,47,46.6,45
2016,1,3,Sun,47,45,45.9,40
2016,1,4,Mon,45,40,44.5,39
2016,1,5,Tues,40,39,46.8,40
2016,1,6,Wed,39,40,46.1,51
2016,1,7,Thurs,40,51,45.6,47
2016,1,8,Fri,51,47,49.9,46
2016,1,9,Sat,47,46,44.3,53
2016,1,10,Sun,46,53,45.1,52
2016,1,11,Mon,53,52,44.5,48
2016,1,12,Tues,52,48,50,51
2016,1,13,Wed,48,51,47.4,56
2016,1,14,Thurs,51,56,45.4,48
2016,1,15,Fri,56,48,47.3,50
2016,1,16,Sat,48,50,50.1,55
2016,1,17,Sun,50,55,48.9,48
2016,1,18,Mon,55,48,47.9,52
2016,1,19,Tues,48,52,48.1,49
2016,1,20,Wed,52,49,49.7,54
2016,1,21,Thurs,49,54,47.7,51
2016,1,22,Fri,54,51,48,58
2016,1,23,Sat,51,58,47.3,49
2016,1,24,Sun,58,49,46.5,48
2016,1,25,Mon,49,48,51.6,50
2016,1,26,Tues,48,50,49.8,55
2016,1,27,Wed,50,55,46.7,59
2016,1,28,Thurs,55,59,48.6,56
2016,1,29,Fri,59,56,50.1,49
2016,1,30,Sat,56,49,49,50
2016,1,31,Sun,49,50,46.8,49
2016,2,1,Mon,50,49,48.1,50
2016,2,2,Tues,49,50,49.5,51
2016,2,3,Wed,50,51,52,48
2016,2,4,Thurs,51,48,49.6,47
2016,2,5,Fri,48,47,47.3,54
2016,2,6,Sat,47,54,50.3,48
2016,2,7,Sun,54,48,50.5,49
2016,2,8,Mon,48,49,48.9,54
2016,2,9,Tues,49,54,49.9,64
2016,2,10,Wed,54,64,49.9,56
2016,2,11,Thurs,64,56,52.4,52
2016,2,12,Fri,56,52,48,57
2016,2,15,Mon,52,57,48.2,51
2016,2,16,Tues,57,51,50.6,58
2016,2,17,Wed,51,58,48.6,59
2016,2,18,Thurs,58,59,49.9,54
2016,2,19,Fri,59,54,51.4,52
2016,2,20,Sat,54,52,53.1,54
2016,2,21,Sun,52,54,48.6,49
2016,2,22,Mon,54,49,51.2,50
2016,2,23,Tues,49,50,51.5,60
2016,2,24,Wed,50,60,51.8,60
2016,2,25,Thurs,60,60,49.9,64
2016,2,26,Fri,60,64,52.2,60
2016,2,27,Sat,64,60,51.8,56
2016,2,28,Sun,60,56,53.4,53
2016,3,1,Tues,56,53,51.5,57
2016,3,2,Wed,53,57,53.1,55
2016,3,3,Thurs,57,55,51.4,61
2016,3,4,Fri,55,61,51.7,55
2016,3,5,Sat,61,55,51.3,65
2016,3,6,Sun,55,65,49.6,58
2016,3,7,Mon,65,58,50.2,52
2016,3,8,Tues,58,52,49.9,57
2016,3,9,Wed,52,57,51.7,58
2016,3,10,Thurs,57,58,54.6,54
2016,3,11,Fri,58,54,53.6,52
2016,3,12,Sat,54,52,51.8,49
2016,3,13,Sun,52,49,53.7,54
2016,3,14,Mon,49,54,50.3,52
2016,3,15,Tues,54,52,53.1,49
2016,3,16,Wed,52,49,52.2,55
2016,3,17,Thurs,49,55,51.9,54
2016,3,18,Fri,55,54,54.9,66
2016,3,19,Sat,54,66,55.3,65
2016,3,20,Sun,66,65,56.1,53
2016,3,21,Mon,65,53,53.2,55
2016,3,22,Tues,53,55,55.2,55
2016,3,23,Wed,55,55,55.8,52
2016,3,24,Thurs,55,52,54.1,51
2016,3,25,Fri,52,51,53,56
2016,3,26,Sat,51,56,56.6,62
2016,3,27,Sun,56,62,59.2,52
2016,3,28,Mon,62,52,55.7,55
2016,3,29,Tues,52,55,55,62
2016,3,30,Wed,55,62,58.9,65
2016,3,31,Thurs,62,65,54,76
2016,4,1,Fri,65,76,56.7,72
2016,4,2,Sat,76,72,55.1,63
2016,4,3,Sun,72,63,55.3,69
2016,4,4,Mon,63,69,56.9,62
2016,4,5,Tues,69,62,53.2,55
2016,4,6,Wed,62,55,53.4,70
2016,4,7,Thurs,55,70,59.6,78
2016,4,8,Fri,70,78,56.9,77
2016,4,9,Sat,78,77,58.8,67
2016,4,10,Sun,77,67,55.2,59
2016,4,11,Mon,67,59,56.6,62
2016,4,12,Tues,59,62,58.8,58
2016,4,13,Wed,62,58,57.2,63
2016,4,14,Thurs,58,63,58.5,58
2016,4,15,Fri,63,58,55.1,62
2016,4,16,Sat,58,62,56.9,69
2016,4,17,Sun,62,69,59.2,77
2016,4,18,Mon,69,77,60,88
2016,4,19,Tues,77,88,57,81
2016,4,20,Wed,88,81,61,82
2016,4,21,Thurs,81,82,60.4,72
2016,4,22,Fri,82,72,57.9,63
2016,4,23,Sat,72,63,61.9,63
2016,4,24,Sun,63,63,59.4,59
2016,4,25,Mon,63,59,63.6,62
2016,4,26,Tues,59,62,57.9,56
2016,4,27,Wed,62,56,63.3,58
2016,4,28,Thurs,56,58,59.7,65
2016,4,29,Fri,58,65,62.6,59
2016,4,30,Sat,65,59,64.8,67
2016,5,1,Sun,59,67,61.9,77
2016,5,2,Mon,67,77,61.8,83
2016,5,3,Tues,77,83,61.1,75
2016,5,4,Wed,83,75,63.9,60
2016,5,5,Thurs,75,60,61,64
2016,5,6,Fri,60,64,61.9,76
2016,5,7,Sat,64,76,61.5,84
2016,5,8,Sun,76,84,63.4,61
2016,5,9,Mon,84,61,64.9,66
2016,5,10,Tues,61,66,61.5,74
2016,5,11,Wed,66,74,65.1,82
2016,5,12,Thurs,74,82,62.2,74
2016,5,13,Fri,82,74,61.7,82
2016,5,14,Sat,74,82,66.7,67
2016,5,15,Sun,82,67,66.9,59
2016,5,16,Mon,67,59,67.6,60
2016,5,17,Tues,59,60,65.2,68
2016,5,18,Wed,60,68,62.3,62
2016,5,19,Thurs,68,62,63.2,63
2016,5,20,Fri,62,63,65.2,67
2016,5,21,Sat,63,67,67.1,58
2016,5,22,Sun,67,58,64.3,62
2016,5,23,Mon,58,62,63.5,64
2016,5,24,Tues,62,64,66.1,63
2016,5,25,Wed,64,63,65.5,67
2016,5,26,Thurs,63,67,63.9,67
2016,5,27,Fri,67,67,65.2,66
2016,5,28,Sat,67,66,68,66
2016,5,29,Sun,66,66,64.8,63
2016,5,30,Mon,66,63,68.4,68
2016,5,31,Tues,63,68,66.9,75
2016,6,1,Wed,68,75,67.9,74
2016,6,2,Thurs,75,74,67.9,73
2016,6,3,Fri,74,73,68.7,83
2016,6,4,Sat,73,83,68.4,82
2016,6,5,Sun,83,82,70.8,94
2016,6,6,Mon,82,94,70.7,89
2016,6,7,Tues,94,89,68.4,87
2016,6,8,Wed,89,87,65.6,63
2016,6,9,Thurs,87,63,68.8,62
2016,6,10,Fri,63,62,70,66
2016,6,11,Sat,62,66,68.5,62
2016,6,12,Sun,66,62,71,66
2016,6,13,Mon,62,66,69.5,66
2016,6,14,Tues,66,66,69,64
2016,6,15,Wed,66,64,71.8,69
2016,6,16,Thurs,64,69,66,68
2016,6,17,Fri,69,68,69.7,64
2016,6,18,Sat,68,64,71,65
2016,6,19,Sun,64,65,69.7,70
2016,6,20,Mon,65,70,70.6,74
2016,6,21,Tues,70,74,72.6,74
2016,6,22,Wed,74,74,70.5,77
2016,6,23,Thurs,74,77,72.3,72
2016,6,24,Fri,77,72,72.4,72
2016,6,25,Sat,72,72,71.4,71
2016,6,26,Sun,72,71,70.9,78
2016,6,27,Mon,71,78,73.2,87
2016,6,28,Tues,78,87,71.9,78
2016,6,29,Wed,87,78,71,72
2016,6,30,Thurs,78,72,71.4,76
2016,7,1,Fri,72,76,75,80
2016,7,2,Sat,76,80,71.1,74
2016,7,3,Sun,80,74,71.8,74
2016,7,4,Mon,74,74,73.6,71
2016,7,5,Tues,74,71,74,70
2016,7,6,Wed,71,70,73.7,79
2016,7,7,Thurs,70,79,74.5,69
2016,7,8,Fri,79,69,73.9,72
2016,7,9,Sat,69,72,75.2,72
2016,7,10,Sun,72,72,73.9,70
2016,7,11,Mon,72,70,76.4,72
2016,7,12,Tues,70,72,74.8,74
2016,7,13,Wed,72,74,76.8,73
2016,7,14,Thurs,74,73,77.3,76
2016,7,15,Fri,73,76,72.8,77
2016,7,16,Sat,76,77,77.6,69
2016,7,17,Sun,77,69,77.8,84
2016,7,18,Mon,69,84,77.7,74
2016,7,19,Tues,84,74,76.6,79
2016,7,20,Wed,74,79,75.4,80
2016,7,21,Thurs,79,80,74.4,80
2016,7,22,Fri,80,80,75.4,71
2016,7,23,Sat,80,71,77.7,73
2016,7,24,Sun,71,73,76.8,78
2016,7,25,Mon,73,78,77.3,84
2016,7,26,Tues,78,84,77.2,81
2016,7,27,Wed,84,81,78.2,84
2016,7,28,Thurs,81,84,78.7,83
2016,7,29,Fri,84,83,78.8,88
2016,7,30,Sat,83,88,74.9,77
2016,7,31,Sun,88,77,73.9,77
2016,8,1,Mon,77,77,77.1,78
2016,8,2,Tues,77,78,78.3,70
2016,8,3,Wed,78,70,76.7,76
2016,8,4,Thurs,70,76,76.6,82
2016,8,5,Fri,76,82,77.1,81
2016,8,6,Sat,82,81,80.7,69
2016,8,7,Sun,81,69,76.2,69
2016,8,8,Mon,69,69,79.9,75
2016,8,9,Tues,69,75,78,72
2016,8,10,Wed,75,72,77.3,74
2016,8,11,Thurs,72,74,77.3,77
2016,8,12,Fri,74,77,79.8,87
2016,8,13,Sat,77,87,77.3,93
2016,8,14,Sun,87,93,75.4,83
2016,8,15,Mon,93,83,76.6,84
2016,8,16,Tues,83,84,74.2,83
2016,8,23,Tues,84,83,73.6,83
2016,8,28,Sun,83,83,77.9,74
2016,8,30,Tues,83,74,74.3,68
2016,9,3,Sat,74,68,72.1,68
2016,9,4,Sun,68,68,74.3,66
2016,9,5,Mon,68,66,74.4,64
2016,9,6,Tues,66,64,72.9,66
2016,9,7,Wed,64,66,75.3,66
2016,9,8,Thurs,66,66,72,73
2016,9,9,Fri,66,73,73.3,76
2016,9,10,Sat,73,76,69.8,74
2016,9,11,Sun,76,74,71.2,68
2016,9,12,Mon,74,68,69.4,78
2016,9,13,Tues,68,78,72.5,74
2016,9,14,Wed,78,74,72.6,77
2016,9,15,Thurs,74,77,74,67
2016,9,16,Fri,77,67,71.8,71
2016,9,17,Sat,67,71,71.5,68
2016,9,18,Sun,71,68,70.1,69
2016,9,19,Mon,68,69,67.7,71
2016,9,20,Tues,69,71,71.4,66
2016,9,21,Wed,71,66,68.6,68
2016,9,22,Thurs,66,68,67.9,63
2016,9,23,Fri,68,63,67.6,60
2016,9,24,Sat,63,60,68,67
2016,9,25,Sun,60,67,66.2,74
2016,9,26,Mon,67,74,66.9,78
2016,9,27,Tues,74,78,68.8,73
2016,9,28,Wed,78,73,63.5,70
2016,9,29,Thurs,73,70,65.2,68
2016,9,30,Fri,70,68,63,66
2016,10,1,Sat,68,66,64.4,65
2016,10,2,Sun,66,65,64.1,62
2016,10,3,Mon,65,62,65.5,65
2016,10,4,Tues,62,65,62.8,64
2016,10,5,Wed,65,64,63.4,70
2016,10,6,Thurs,64,70,64,63
2016,10,7,Fri,70,63,63.7,66
2016,10,8,Sat,63,66,60.7,69
2016,10,9,Sun,66,69,59.6,56
2016,10,10,Mon,69,56,61.7,61
2016,10,11,Tues,56,61,62.5,61
2016,10,12,Wed,61,61,63.3,66
2016,10,13,Thurs,61,66,63.8,62
2016,10,14,Fri,66,62,62.6,58
2016,10,15,Sat,62,58,61.4,59
2016,10,16,Sun,58,59,57.2,60
2016,10,17,Mon,59,60,59.3,62
2016,10,18,Tues,60,62,57.9,64
2016,10,19,Wed,62,64,57.9,60
2016,10,20,Thurs,64,60,57.3,62
2016,10,21,Fri,60,62,57.8,56
2016,10,22,Sat,62,56,60.1,63
2016,10,23,Sun,56,63,57.2,59
2016,10,24,Mon,63,59,59.3,64
2016,10,25,Tues,59,64,58.2,66
2016,10,26,Wed,64,66,57.5,58
2016,10,27,Thurs,66,58,53,61
2016,10,28,Fri,58,61,55.7,65
2016,10,29,Sat,61,65,56.1,67
2016,10,31,Mon,65,67,55.8,58
2016,11,1,Tues,67,58,54.2,54
2016,11,2,Wed,58,54,56,59
2016,11,3,Thurs,54,59,53.7,63
2016,11,4,Fri,59,63,56.5,69
2016,11,5,Sat,63,69,52.1,60
2016,11,6,Sun,69,60,54.8,63
2016,11,7,Mon,60,63,53.8,60
2016,11,8,Tues,63,60,53.4,73
2016,11,9,Wed,60,73,54,66
2016,11,10,Thurs,73,66,51.2,61
2016,11,11,Fri,66,61,50,64
2016,11,12,Sat,61,64,53.9,59
2016,11,13,Sun,64,59,48.8,55
2016,11,14,Mon,59,55,47.8,60
2016,11,15,Tues,55,60,51.2,57
2016,11,16,Wed,60,57,49.6,48
2016,11,17,Thurs,57,48,50.1,52
2016,11,18,Fri,48,52,49.2,55
2016,11,19,Sat,52,55,50,55
2016,11,20,Sun,55,55,52.8,56
2016,11,21,Mon,55,56,51.4,51
2016,11,22,Tues,56,51,50.2,55
2016,11,23,Wed,51,55,49.2,45
2016,11,24,Thurs,55,45,45.9,53
2016,11,25,Fri,45,53,49.6,54
2016,11,26,Sat,53,54,48.6,55
2016,11,27,Sun,54,55,46.3,48
2016,11,28,Mon,55,48,49.3,48
2016,11,29,Tues,48,48,49.2,52
2016,11,30,Wed,48,52,46.4,51
2016,12,1,Thurs,52,51,44.4,46
2016,12,2,Fri,51,46,49.9,50
2016,12,3,Sat,46,50,49.5,52
2016,12,4,Sun,50,52,43.6,44
2016,12,5,Mon,52,44,45.6,40
2016,12,6,Tues,44,40,49.2,44
2016,12,7,Wed,40,44,46,39
2016,12,8,Thurs,44,39,46.8,40
2016,12,9,Fri,39,40,44.7,38
2016,12,10,Sat,40,38,44.6,45
2016,12,11,Sun,38,45,47,46
2016,12,12,Mon,45,46,44.4,42
2016,12,13,Tues,46,42,45.7,40
2016,12,14,Wed,42,40,45.3,39
2016,12,15,Thurs,40,39,46.9,38
2016,12,16,Fri,39,38,46.7,34
2016,12,17,Sat,38,34,48.2,34
2016,12,18,Sun,34,34,44.8,37
2016,12,19,Mon,34,37,44.9,42
2016,12,20,Tues,37,42,45.2,55
2016,12,21,Wed,42,55,45.3,48
2016,12,22,Thurs,55,48,43.9,48
2016,12,23,Fri,48,48,42.3,40
2016,12,24,Sat,48,40,44.7,40
2016,12,25,Sun,40,40,45.4,41
2016,12,26,Mon,40,41,44.7,46
2016,12,27,Tues,41,46,44.3,45
2016,12,28,Wed,46,45,48.4,51
2016,12,29,Thurs,45,51,45.6,50
2016,12,30,Fri,51,50,45.9,61
2016,12,31,Sat,50,61,48,40
2017,1,1,Fri,61,40,47.2,45
2017,1,2,Sat,40,45,47.4,46
2017,1,3,Sun,45,46,44.8,39
2017,1,4,Mon,46,39,45.7,39
2017,1,5,Tues,39,39,47.3,46
2017,1,6,Wed,39,46,44.6,51
2017,1,7,Thurs,46,51,45.6,45
2017,1,8,Fri,51,45,48,49
2017,1,9,Sat,45,49,46,50
2017,1,10,Sun,49,50,45.1,51
2017,1,11,Mon,50,51,45.4,47
2017,1,12,Tues,51,47,46.8,50
2017,1,13,Wed,47,50,47.6,57
2017,1,14,Thurs,50,57,45.5,48
2017,1,15,Fri,57,48,48.3,46
2017,1,16,Sat,48,46,47.5,52
2017,1,17,Sun,46,52,47.2,52
2017,1,18,Mon,52,52,49.4,53
2017,1,19,Tues,52,53,48.7,49
2017,1,20,Wed,53,49,46.6,53
2017,1,21,Thurs,49,53,46.3,54
2017,1,22,Fri,53,54,46,55
2017,1,23,Sat,54,55,47.1,50
2017,1,24,Sun,55,50,46.7,52
2017,1,25,Mon,50,52,46.6,53
2017,1,26,Tues,52,53,48.8,57
2017,1,27,Wed,53,57,48.7,58
2017,1,28,Thurs,57,58,49,55
2017,1,29,Fri,58,55,48.5,50
2017,1,30,Sat,55,50,49.2,48
2017,1,31,Sun,50,48,48.7,45
2017,2,1,Mon,48,45,50.6,46
2017,2,2,Tues,45,46,49.3,53
2017,2,3,Wed,46,53,50,51
2017,2,4,Thurs,53,51,49.9,50
2017,2,5,Fri,51,50,48.7,55
2017,2,6,Sat,50,55,50.5,51
2017,2,7,Sun,55,51,48.9,52
2017,2,8,Mon,51,52,50.5,57
2017,2,9,Tues,52,57,51.4,62
2017,2,10,Wed,57,62,47.5,56
2017,2,11,Thurs,62,56,47.9,57
2017,2,12,Fri,56,57,50.9,58
2017,2,15,Mon,57,58,48.7,57
2017,2,16,Tues,58,57,48.2,55
2017,2,17,Wed,57,55,51.7,58
2017,2,18,Thurs,55,58,51.9,53
2017,2,19,Fri,58,53,50.7,50
2017,2,20,Sat,53,50,51.1,54
2017,2,21,Sun,50,54,51.9,53
2017,2,22,Mon,54,53,51,50
2017,2,23,Tues,53,50,51.6,59
2017,2,24,Wed,50,59,50.4,60
2017,2,25,Thurs,59,60,50.4,59
2017,2,26,Fri,60,59,49.3,61
2017,2,27,Sat,59,61,50,59
2017,2,28,Sun,61,59,53.3,51
2017,3,1,Tues,59,51,50.2,60
2017,3,2,Wed,51,60,53.2,54
2017,3,3,Thurs,60,54,51.4,61
2017,3,4,Fri,54,61,53.3,57
2017,3,5,Sat,61,57,50.8,65
2017,3,6,Sun,57,65,51.4,60
2017,3,7,Mon,65,60,53.8,51
2017,3,8,Tues,60,51,53.8,54
2017,3,9,Wed,51,54,52.5,56
2017,3,10,Thurs,54,56,52.8,56
2017,3,11,Fri,56,56,54.6,53
2017,3,12,Sat,56,53,52,50
2017,3,13,Sun,53,50,51.5,54
2017,3,14,Mon,50,54,52.8,48
2017,3,15,Tues,54,48,52.7,52
2017,3,16,Wed,48,52,55.3,51
2017,3,17,Thurs,52,51,52,57
2017,3,18,Fri,51,57,54.8,63
2017,3,19,Sat,57,63,55.2,59
2017,3,20,Sun,63,59,54.4,54
2017,3,21,Mon,59,54,52.7,57
2017,3,22,Tues,54,57,54.8,57
2017,3,23,Wed,57,57,54.8,54
2017,3,24,Thurs,57,54,55,56
2017,3,25,Fri,54,56,54.4,58
2017,3,26,Sat,56,58,56.5,60
2017,3,27,Sun,58,60,56.2,51
2017,3,28,Mon,60,51,54.2,55
2017,3,29,Tues,51,55,55.4,64
2017,3,30,Wed,55,64,57.4,70
2017,3,31,Thurs,64,70,55.6,72
2017,4,1,Fri,70,72,54,73
2017,4,2,Sat,72,73,57,62
2017,4,3,Sun,73,62,58.1,67
2017,4,4,Mon,62,67,56.4,58
2017,4,5,Tues,67,58,55.5,55
2017,4,6,Wed,58,55,57.9,70
2017,4,7,Thurs,55,70,58.7,76
2017,4,8,Fri,70,76,58.4,75
2017,4,9,Sat,76,75,56.5,64
2017,4,10,Sun,75,64,58.3,61
2017,4,11,Mon,64,61,56.5,59
2017,4,12,Tues,61,59,58.6,61
2017,4,13,Wed,59,61,59.1,59
2017,4,14,Thurs,61,59,59.9,61
2017,4,15,Fri,59,61,56.7,58
2017,4,16,Sat,61,58,56.9,66
2017,4,17,Sun,58,66,57.2,75
2017,4,18,Mon,66,75,59.4,89
2017,4,19,Tues,75,89,58.1,81
2017,4,20,Wed,89,81,59.4,79
2017,4,21,Thurs,81,79,60.8,72
2017,4,22,Fri,79,72,60.2,65
2017,4,23,Sat,72,65,61,67
2017,4,24,Sun,65,67,60.6,55
2017,4,25,Mon,67,55,59.1,60
2017,4,26,Tues,55,60,60.1,58
2017,4,27,Wed,60,58,60.9,61
2017,4,28,Thurs,58,61,61.9,63
2017,4,29,Fri,61,63,59.4,63
2017,4,30,Sat,63,63,59.8,70
2017,5,1,Sun,63,70,62.8,75
2017,5,2,Mon,70,75,63.5,88
2017,5,3,Tues,75,88,63.6,76
2017,5,4,Wed,88,76,63.9,58
2017,5,5,Thurs,76,58,63.9,69
2017,5,6,Fri,58,69,63.3,78
2017,5,7,Sat,69,78,64.1,80
2017,5,8,Sun,78,80,62,61
2017,5,9,Mon,80,61,63.3,66
2017,5,10,Tues,61,66,63.3,75
2017,5,11,Wed,66,75,63.3,82
2017,5,12,Thurs,75,82,63.1,77
2017,5,13,Fri,82,77,64.1,82
2017,5,14,Sat,77,82,62.6,65
2017,5,15,Sun,82,65,64.4,58
2017,5,16,Mon,65,58,64.7,61
2017,5,17,Tues,58,61,64.7,69
2017,5,18,Wed,61,69,66.5,63
2017,5,19,Thurs,69,63,65,61
2017,5,20,Fri,63,61,66.6,66
2017,5,21,Sat,61,66,64.1,59
2017,5,22,Sun,66,59,66.3,68
2017,5,23,Mon,59,68,66.7,64
2017,5,24,Tues,68,64,65,68
2017,5,25,Wed,64,68,64.6,67
2017,5,26,Thurs,68,67,65.4,64
2017,5,27,Fri,67,64,65,65
2017,5,28,Sat,64,65,68.7,63
2017,5,29,Sun,65,63,67.4,66
2017,5,30,Mon,63,66,66.5,73
2017,5,31,Tues,66,73,68.5,80
2017,6,1,Wed,73,80,67.4,73
2017,6,2,Thurs,80,73,65.6,71
2017,6,3,Fri,73,71,66.8,81
2017,6,4,Sat,71,81,69.7,80
2017,6,5,Sun,81,80,69.8,94
2017,6,6,Mon,80,94,67.9,86
2017,6,7,Tues,94,86,66.9,83
2017,6,8,Wed,86,83,68.5,68
2017,6,9,Thurs,83,68,66.9,64
2017,6,10,Fri,68,64,67.9,66
2017,6,11,Sat,64,66,68.1,64
2017,6,12,Sun,66,64,69.7,70
2017,6,13,Mon,64,70,69.2,68
2017,6,14,Tues,70,68,67.7,59
2017,6,15,Wed,68,59,70.1,69
2017,6,16,Thurs,59,69,70.9,70
2017,6,17,Fri,69,70,69.5,65
2017,6,18,Sat,70,65,69.5,63
2017,6,19,Sun,65,63,72.3,69
2017,6,20,Mon,63,69,70.4,77
2017,6,21,Tues,69,77,72.2,74
2017,6,22,Wed,77,74,71.1,75
2017,6,23,Thurs,74,75,71.6,68
2017,6,24,Fri,75,68,72.1,71
2017,6,25,Sat,68,71,71.1,69
2017,6,26,Sun,71,69,72.9,80
2017,6,27,Mon,69,80,72.4,84
2017,6,28,Tues,80,84,71.6,81
2017,6,29,Wed,84,81,73.6,75
2017,6,30,Thurs,81,75,73,71
2017,7,1,Fri,75,71,71.4,77
2017,7,2,Sat,71,77,71.3,78
2017,7,3,Sun,77,78,74.1,71
2017,7,4,Mon,78,71,73.4,66
2017,7,5,Tues,71,66,75.8,69
2017,7,6,Wed,66,69,76.2,74
2017,7,7,Thurs,69,74,76.4,66
2017,7,8,Fri,74,66,75.8,75
2017,7,9,Sat,66,75,75,72
2017,7,10,Sun,75,72,75.3,76
2017,7,11,Mon,72,76,75.9,75
2017,7,12,Tues,76,75,76.1,76
2017,7,13,Wed,75,76,75.9,74
2017,7,14,Thurs,76,74,76,78
2017,7,15,Fri,74,78,77.3,78
2017,7,16,Sat,78,78,77.2,74
2017,7,17,Sun,78,74,78.1,78
2017,7,18,Mon,74,78,76.7,75
2017,7,19,Tues,78,75,77.5,80
2017,7,20,Wed,75,80,77.2,83
2017,7,21,Thurs,80,83,77.9,81
2017,7,22,Fri,83,81,75.4,70
2017,7,23,Sat,81,70,77.8,75
2017,7,24,Sun,70,75,75.2,80
2017,7,25,Mon,75,80,76.6,83
2017,7,26,Tues,80,83,77.5,77
2017,7,27,Wed,83,77,76.4,82
2017,7,28,Thurs,77,82,75.3,86
2017,7,29,Fri,82,86,76.6,87
2017,7,30,Sat,86,87,79,78
2017,7,31,Sun,87,78,76.2,75
2017,8,1,Mon,78,75,79.2,76
2017,8,2,Tues,75,76,78.9,75
2017,8,3,Wed,76,75,75.7,77
2017,8,4,Thurs,75,77,76.3,82
2017,8,5,Fri,77,82,78.1,80
2017,8,6,Sat,82,80,75.7,71
2017,8,7,Sun,80,71,76.1,70
2017,8,8,Mon,71,70,76.5,73
2017,8,9,Tues,70,73,78,74
2017,8,10,Wed,73,74,75.7,74
2017,8,11,Thurs,74,74,77.7,79
2017,8,12,Fri,74,79,77.4,87
2017,8,13,Sat,79,87,77.9,91
2017,8,14,Sun,87,91,75.7,84
2017,8,15,Mon,91,84,76.5,83
2017,8,16,Tues,84,83,77.5,83
2017,8,23,Tues,83,83,77.5,81
2017,8,28,Sun,83,81,77,74
2017,8,30,Tues,81,74,76.5,71
2017,9,3,Sat,74,71,75.4,68
2017,9,4,Sun,71,68,72.6,70
2017,9,5,Mon,68,70,74.7,68
2017,9,6,Tues,70,68,74.2,67
2017,9,7,Wed,68,67,74.4,67
2017,9,8,Thurs,67,67,71.2,73
2017,9,9,Fri,67,73,73.7,72
2017,9,10,Sat,73,72,74.3,78
2017,9,11,Sun,72,78,72.1,68
2017,9,12,Mon,78,68,72.5,75
2017,9,13,Tues,68,75,73.5,74
2017,9,14,Wed,75,74,70.1,77
2017,9,15,Thurs,74,77,69.3,70
2017,9,16,Fri,77,70,72.6,77
2017,9,17,Sat,70,77,70.8,67
2017,9,18,Sun,77,67,69.5,70
2017,9,19,Mon,67,70,69.2,72
2017,9,20,Tues,70,72,67.7,67
2017,9,21,Wed,72,67,69.1,69
2017,9,22,Thurs,67,69,69.9,65
2017,9,23,Fri,69,65,70.1,63
2017,9,24,Sat,65,63,66.9,68
2017,9,25,Sun,63,68,65.8,78
2017,9,26,Mon,68,78,69.1,76
2017,9,27,Tues,78,76,66.5,69
2017,9,28,Wed,76,69,65.7,69
2017,9,29,Thurs,69,69,65.5,65
2017,9,30,Fri,69,65,65.1,68
2017,10,1,Sat,65,68,64.8,62
2017,10,2,Sun,68,62,66.3,66
2017,10,3,Mon,62,66,63.1,61
2017,10,4,Tues,66,61,63,63
2017,10,5,Wed,61,63,63.7,67
2017,10,6,Thurs,63,67,65.2,63
2017,10,7,Fri,67,63,64.4,65
2017,10,8,Sat,63,65,62.7,67
2017,10,9,Sun,65,67,63,59
2017,10,10,Mon,67,59,61.6,61
2017,10,11,Tues,59,61,61.5,60
2017,10,12,Wed,61,60,61.6,67
2017,10,13,Thurs,60,67,60.1,60
2017,10,14,Fri,67,60,61.2,59
2017,10,15,Sat,60,59,58.6,62
2017,10,16,Sun,59,62,60.7,58
2017,10,17,Mon,62,58,60.1,60
2017,10,18,Tues,58,60,58.4,63
2017,10,19,Wed,60,63,56.8,58
2017,10,20,Thurs,63,58,60.1,64
2017,10,21,Fri,58,64,56,61
2017,10,22,Sat,64,61,57.8,61
2017,10,23,Sun,61,61,57.7,63
2017,10,24,Mon,61,63,56.9,60
2017,10,25,Tues,63,60,57.5,64
2017,10,26,Wed,60,64,54.8,57
2017,10,27,Thurs,64,57,55.6,61
2017,10,28,Fri,57,61,57.1,63
2017,10,29,Sat,61,63,55.2,66
2017,10,31,Mon,63,66,56,58
2017,11,1,Tues,66,58,54.4,56
2017,11,2,Wed,58,56,54.3,57
2017,11,3,Thurs,56,57,55.5,63
2017,11,4,Fri,57,63,53,64
2017,11,5,Sat,63,64,52.5,57
2017,11,6,Sun,64,57,52.9,63
2017,11,7,Mon,57,63,51,64
2017,11,8,Tues,63,64,53.6,73
2017,11,9,Wed,64,73,50.9,66
2017,11,10,Thurs,73,66,50.4,63
2017,11,11,Fri,66,63,50.9,64
2017,11,12,Sat,63,64,51.3,60
2017,11,13,Sun,64,60,52.3,55
2017,11,14,Mon,60,55,50.3,58
2017,11,15,Tues,55,58,49.5,53
2017,11,16,Wed,58,53,49,52
2017,11,17,Thurs,53,52,51.8,50
2017,11,18,Fri,52,50,52.1,56
2017,11,19,Sat,50,56,49.3,55
2017,11,20,Sun,56,55,48,55
2017,11,21,Mon,55,55,48.8,56
2017,11,22,Tues,55,56,48.8,52
2017,11,23,Wed,56,52,49.2,49
2017,11,24,Thurs,52,49,50.7,51
2017,11,25,Fri,49,51,48,51
2017,11,26,Sat,51,51,46.7,54
2017,11,27,Sun,51,54,48.4,49
2017,11,28,Mon,54,49,46.8,52
2017,11,29,Tues,49,52,45.9,53
2017,11,30,Wed,52,53,47.1,53
2017,12,1,Thurs,53,53,45.9,44
2017,12,2,Fri,53,44,48.2,51
2017,12,3,Sat,44,51,46,47
2017,12,4,Sun,51,47,48.8,44
2017,12,5,Mon,47,44,48.2,39
2017,12,6,Tues,44,39,47,42
2017,12,7,Wed,39,42,48.3,38
2017,12,8,Thurs,42,38,44.7,41
2017,12,9,Fri,38,41,46.1,36
2017,12,10,Sat,41,36,45.7,46
2017,12,11,Sun,36,46,44.2,43
2017,12,12,Mon,46,43,44.7,44
2017,12,13,Tues,43,44,46.3,42
2017,12,14,Wed,44,42,45.1,39
2017,12,15,Thurs,42,39,44.6,40
2017,12,16,Fri,39,40,44.5,34
2017,12,17,Sat,40,34,43.3,37
2017,12,18,Sun,34,37,43.6,38
2017,12,19,Mon,37,38,45.5,46
2017,12,20,Tues,38,46,45,50
2017,12,21,Wed,46,50,45.1,50
2017,12,22,Thurs,50,50,46.1,43
2017,12,23,Fri,50,43,46.4,38
2017,12,24,Sat,43,38,46,39
2017,12,25,Sun,38,39,45.2,40
2017,12,26,Mon,39,40,46.2,44
2017,12,27,Tues,40,44,45.4,48
2017,12,28,Wed,44,48,46.1,48
2017,12,29,Thurs,48,48,46,47
2017,12,30,Fri,48,47,43.8,59
2017,12,31,Sat,47,59,47.2,42
2018,1,1,Fri,59,42,42.4,44
2018,1,2,Sat,42,44,45.7,44
2018,1,3,Sun,44,44,47.4,42
2018,1,4,Mon,44,42,44.9,39
2018,1,5,Tues,42,39,43.3,44
2018,1,6,Wed,39,44,46.2,50
2018,1,7,Thurs,44,50,46.4,46
2018,1,8,Fri,50,46,47.6,48
2018,1,9,Sat,46,48,45.5,53
2018,1,10,Sun,48,53,46.1,52
2018,1,11,Mon,53,52,43.3,47
2018,1,12,Tues,52,47,49,51
2018,1,13,Wed,47,51,46.2,58
2018,1,14,Thurs,51,58,47.1,50
2018,1,15,Fri,58,50,48.9,48
2018,1,16,Sat,50,48,49.9,53
2018,1,17,Sun,48,53,49.4,52
2018,1,18,Mon,53,52,47.1,52
2018,1,19,Tues,52,52,47.6,49
2018,1,20,Wed,52,49,48.5,53
2018,1,21,Thurs,49,53,45.3,53
2018,1,22,Fri,53,53,45.2,56
2018,1,23,Sat,53,56,47.8,47
2018,1,24,Sun,56,47,48.9,51
2018,1,25,Mon,47,51,49.7,53
2018,1,26,Tues,51,53,46.9,53
2018,1,27,Wed,53,53,50.1,56
2018,1,28,Thurs,53,56,48.6,56
2018,1,29,Fri,56,56,51,48
2018,1,30,Sat,56,48,51.8,48
2018,1,31,Sun,48,48,48.5,49
2018,2,1,Mon,48,49,46.3,46
2018,2,2,Tues,49,46,49.7,49
2018,2,3,Wed,46,49,51.1,51
2018,2,4,Thurs,49,51,50.9,50
2018,2,5,Fri,51,50,47.9,54
2018,2,6,Sat,50,54,48.8,45
2018,2,7,Sun,54,45,48.5,53
2018,2,8,Mon,45,53,47.8,55
2018,2,9,Tues,53,55,48,65
2018,2,10,Wed,55,65,46.8,55
2018,2,11,Thurs,65,55,49.5,53
2018,2,12,Fri,55,53,50.3,59
2018,2,15,Mon,53,59,48.1,55
2018,2,16,Tues,59,55,52.1,60
2018,2,17,Wed,55,60,48.1,61
2018,2,18,Thurs,60,61,51.6,54
2018,2,19,Fri,61,54,49.8,48
2018,2,20,Sat,54,48,51.9,52
2018,2,21,Sun,48,52,50.7,51
2018,2,22,Mon,52,51,50.7,51
2018,2,23,Tues,51,51,50.8,58
2018,2,24,Wed,51,58,48.7,59
2018,2,25,Thurs,58,59,51.9,61
2018,2,26,Fri,59,61,52.3,60
2018,2,27,Sat,61,60,50.4,56
2018,2,28,Sun,60,56,54.1,56
2018,3,1,Tues,56,56,51.3,58
2018,3,2,Wed,56,58,52,58
2018,3,3,Thurs,58,58,50.6,59
2018,3,4,Fri,58,59,49.7,55
2018,3,5,Sat,59,55,50.2,64
2018,3,6,Sun,55,64,52,61
2018,3,7,Mon,64,61,50.8,53
2018,3,8,Tues,61,53,49.8,56
2018,3,9,Wed,53,56,52.7,55
2018,3,10,Thurs,56,55,55.5,53
2018,3,11,Fri,55,53,56.3,56
2018,3,12,Sat,53,56,54.9,49
2018,3,13,Sun,56,49,52.7,57
2018,3,14,Mon,49,57,52.7,48
2018,3,15,Tues,57,48,56.2,49
2018,3,16,Wed,48,49,54.5,56
2018,3,17,Thurs,49,56,52.1,58
2018,3,18,Fri,56,58,56.3,64
2018,3,19,Sat,58,64,56.4,63
2018,3,20,Sun,64,63,54.7,55
2018,3,21,Mon,63,55,56.2,54
2018,3,22,Tues,55,54,53.4,57
2018,3,23,Wed,54,57,56.2,53
2018,3,24,Thurs,57,53,53.1,54
2018,3,25,Fri,53,54,55,55
2018,3,26,Sat,54,55,55.6,60
2018,3,27,Sun,55,60,58.5,54
2018,3,28,Mon,60,54,58.6,55
2018,3,29,Tues,54,55,56.8,64
2018,3,30,Wed,55,64,55.2,67
2018,3,31,Thurs,64,67,56.2,74
2018,4,1,Fri,67,74,57.4,69
2018,4,2,Sat,74,69,56.6,65
2018,4,3,Sun,69,65,57.4,70
2018,4,4,Mon,65,70,55.6,60
2018,4,5,Tues,70,60,54.3,58
2018,4,6,Wed,60,58,56.1,70
2018,4,7,Thurs,58,70,56.9,77
2018,4,8,Fri,70,77,55.9,76
2018,4,9,Sat,77,76,56.3,69
2018,4,10,Sun,76,69,53.6,55
2018,4,11,Mon,69,55,55.5,58
2018,4,12,Tues,55,58,57.8,56
2018,4,13,Wed,58,56,57.5,61
2018,4,14,Thurs,56,61,55.9,55
2018,4,15,Fri,61,55,54.7,61
2018,4,16,Sat,55,61,56.2,71
2018,4,17,Sun,61,71,60,75
2018,4,18,Mon,71,75,58.7,91
2018,4,19,Tues,75,91,58.5,81
2018,4,20,Wed,91,81,58.3,83
2018,4,21,Thurs,81,83,61,72
2018,4,22,Fri,83,72,59.6,62
2018,4,23,Sat,72,62,60.5,63
2018,4,24,Sun,62,63,62.1,57
2018,4,25,Mon,63,57,63.7,63
2018,4,26,Tues,57,63,60.4,59
2018,4,27,Wed,63,59,62.8,60
2018,4,28,Thurs,59,60,62.8,62
2018,4,29,Fri,60,62,63.6,61
2018,4,30,Sat,62,61,62.9,65
2018,5,1,Sun,61,65,60.7,79
2018,5,2,Mon,65,79,65.5,85
2018,5,3,Tues,79,85,61.3,73
2018,5,4,Wed,85,73,62.8,63
2018,5,5,Thurs,73,63,62.1,67
2018,5,6,Fri,63,67,61.7,77
2018,5,7,Sat,67,77,63.4,82
2018,5,8,Sun,77,82,63.6,60
2018,5,9,Mon,82,60,61.4,65
2018,5,10,Tues,60,65,63.9,76
2018,5,11,Wed,65,76,63.7,82
2018,5,12,Thurs,76,82,63.7,76
2018,5,13,Fri,82,76,62.6,82
2018,5,14,Sat,76,82,67,66
2018,5,15,Sun,82,66,66.2,59
2018,5,16,Mon,66,59,64.5,60
2018,5,17,Tues,59,60,65.8,67
2018,5,18,Wed,60,67,62.4,60
2018,5,19,Thurs,67,60,66,60
2018,5,20,Fri,60,60,65.7,68
2018,5,21,Sat,60,68,64.1,60
2018,5,22,Sun,68,60,63.7,65
2018,5,23,Mon,60,65,67,65
2018,5,24,Tues,65,65,68.1,65
2018,5,25,Wed,65,65,66.3,66
2018,5,26,Thurs,65,66,65.4,65
2018,5,27,Fri,66,65,65.6,64
2018,5,28,Sat,65,64,65.3,66
2018,5,29,Sun,64,66,64.6,64
2018,5,30,Mon,66,64,67.4,68
2018,5,31,Tues,64,68,67.2,79
2018,6,1,Wed,68,79,68.4,72
2018,6,2,Thurs,79,72,66.5,72
2018,6,3,Fri,72,72,66.4,81
2018,6,4,Sat,72,81,66.4,82
2018,6,5,Sun,81,82,70.7,93
2018,6,6,Mon,82,93,71.7,86
2018,6,7,Tues,93,86,69.4,84
2018,6,8,Wed,86,84,67.3,63
2018,6,9,Thurs,84,63,68.2,62
2018,6,10,Fri,63,62,70.1,69
2018,6,11,Sat,62,69,68.3,64
2018,6,12,Sun,69,64,71.7,66
2018,6,13,Mon,64,66,70.4,67
2018,6,14,Tues,66,67,70.8,62
2018,6,15,Wed,67,62,70.3,68
2018,6,16,Thurs,62,68,69.5,72
2018,6,17,Fri,68,72,71.7,68
2018,6,18,Sat,72,68,68.8,65
2018,6,19,Sun,68,65,71.4,74
2018,6,20,Mon,65,74,70.2,74
2018,6,21,Tues,74,74,69.9,77
2018,6,22,Wed,74,77,68.4,74
2018,6,23,Thurs,77,74,71.2,68
2018,6,24,Fri,74,68,70,72
2018,6,25,Sat,68,72,73.4,72
2018,6,26,Sun,72,72,70.5,81
2018,6,27,Mon,72,81,72.6,86
2018,6,28,Tues,81,86,72.4,79
2018,6,29,Wed,86,79,72.6,71
2018,6,30,Thurs,79,71,72.1,74
2018,7,1,Fri,71,74,72.9,77
2018,7,2,Sat,74,77,72.2,74
2018,7,3,Sun,77,74,73.8,70
2018,7,4,Mon,74,70,71.3,71
2018,7,5,Tues,70,71,75.5,70
2018,7,6,Wed,71,70,72.3,76
2018,7,7,Thurs,70,76,76,66
2018,7,8,Fri,76,66,75.4,75
2018,7,9,Sat,66,75,74.9,70
2018,7,10,Sun,75,70,73.2,73
2018,7,11,Mon,70,73,75.9,71
2018,7,12,Tues,73,71,74.9,74
2018,7,13,Wed,71,74,74.7,76
2018,7,14,Thurs,74,76,76.3,75
2018,7,15,Fri,76,75,73.3,79
2018,7,16,Sat,75,79,78.1,70
2018,7,17,Sun,79,70,78.3,80
2018,7,18,Mon,70,80,77,72
2018,7,19,Tues,80,72,77.7,78
2018,7,20,Wed,72,78,76.5,80
2018,7,21,Thurs,78,80,74.9,82
2018,7,22,Fri,80,82,78.7,72
2018,7,23,Sat,82,72,77.3,72
2018,7,24,Sun,72,72,75.5,78
2018,7,25,Mon,72,78,79.1,84
2018,7,26,Tues,78,84,76.6,82
2018,7,27,Wed,84,82,76.6,80
2018,7,28,Thurs,82,80,77.8,86
2018,7,29,Fri,80,86,77.1,89
2018,7,30,Sat,86,89,76.4,77
2018,7,31,Sun,89,77,76.4,77
2018,8,1,Mon,77,77,79.7,75
2018,8,2,Tues,77,75,75.6,73
2018,8,3,Wed,75,73,78.3,75
2018,8,4,Thurs,73,75,75.3,81
2018,8,5,Fri,75,81,78.1,81
2018,8,6,Sat,81,81,77.7,73
2018,8,7,Sun,81,73,78.4,73
2018,8,8,Mon,73,73,80.2,74
2018,8,9,Tues,73,74,77.8,68
2018,8,10,Wed,74,68,78.2,74
2018,8,11,Thurs,68,74,78.5,80
2018,8,12,Fri,74,80,77.7,87
2018,8,13,Sat,80,87,75.3,92
2018,8,14,Sun,87,92,77.9,84
2018,8,15,Mon,92,84,78,81
2018,8,16,Tues,84,81,77.1,82
2018,8,23,Tues,81,82,73.5,81
2018,8,28,Sun,82,81,74.9,71
2018,8,30,Tues,81,71,76,67
2018,9,3,Sat,71,67,71.9,69
2018,9,4,Sun,67,69,74.7,66
2018,9,5,Mon,69,66,73.8,68
2018,9,6,Tues,66,68,73.4,66
2018,9,7,Wed,68,66,75,67
2018,9,8,Thurs,66,67,72.7,75
2018,9,9,Fri,67,75,73.9,75
2018,9,10,Sat,75,75,71.8,77
2018,9,11,Sun,75,77,70.2,69
2018,9,12,Mon,77,69,69.3,74
2018,9,13,Tues,69,74,71.6,73
2018,9,14,Wed,74,73,73.4,78
2018,9,15,Thurs,73,78,73.4,71
2018,9,16,Fri,78,71,69.8,75
2018,9,17,Sat,71,75,73.5,68
2018,9,18,Sun,75,68,69.7,71
2018,9,19,Mon,68,71,66.1,75
2018,9,20,Tues,71,75,70.5,69
2018,9,21,Wed,75,69,69.4,66
2018,9,22,Thurs,69,66,68.9,65
2018,9,23,Fri,66,65,69,63
2018,9,24,Sat,65,63,66.6,66
2018,9,25,Sun,63,66,69.3,77
2018,9,26,Mon,66,77,66.4,77
2018,9,27,Tues,77,77,68.1,71
2018,9,28,Wed,77,71,65.2,68
2018,9,29,Thurs,71,68,66.6,67
2018,9,30,Fri,68,67,64.7,68
2018,10,1,Sat,67,68,63.5,64
2018,10,2,Sun,68,64,64.7,64
2018,10,3,Mon,64,64,63.4,65
2018,10,4,Tues,64,65,65.7,65
2018,10,5,Wed,65,65,61.3,66
2018,10,6,Thurs,65,66,64.7,63
2018,10,7,Fri,66,63,62,67
2018,10,8,Sat,63,67,64,68
2018,10,9,Sun,67,68,63.1,58
2018,10,10,Mon,68,58,62.6,59
2018,10,11,Tues,58,59,64.1,62
2018,10,12,Wed,59,62,63.9,62
2018,10,13,Thurs,62,62,60.9,62
2018,10,14,Fri,62,62,60.4,61
2018,10,15,Sat,62,61,58.4,62
2018,10,16,Sun,61,62,59.6,62
2018,10,17,Mon,62,62,60.3,61
2018,10,18,Tues,62,61,59.6,62
2018,10,19,Wed,61,62,57.5,57
2018,10,20,Thurs,62,57,57.7,62
2018,10,21,Fri,57,62,58.9,55
2018,10,22,Sat,62,55,59.7,64
2018,10,23,Sun,55,64,58.3,58
2018,10,24,Mon,64,58,59,62
2018,10,25,Tues,58,62,54.7,66
2018,10,26,Wed,62,66,56.1,57
2018,10,27,Thurs,66,57,54.4,62
2018,10,28,Fri,57,62,57.5,66
2018,10,29,Sat,62,66,55.2,65
2018,10,31,Mon,66,65,54.9,56
2018,11,1,Tues,65,56,54.7,56
2018,11,2,Wed,56,56,54.2,58
2018,11,3,Thurs,56,58,55.3,63
2018,11,4,Fri,58,63,56,66
2018,11,5,Sat,63,66,51.2,60
2018,11,6,Sun,66,60,52.9,62
2018,11,7,Mon,60,62,52.1,60
2018,11,8,Tues,62,60,52.2,70
2018,11,9,Wed,60,70,54,67
2018,11,10,Thurs,70,67,51.5,61
2018,11,11,Fri,67,61,49.4,63
2018,11,12,Sat,61,63,51.7,60
2018,11,13,Sun,63,60,50.1,53
2018,11,14,Mon,60,53,49.3,59
2018,11,15,Tues,53,59,48.8,57
2018,11,16,Wed,59,57,48.1,49
2018,11,17,Thurs,57,49,48.6,54
2018,11,18,Fri,49,54,51.5,54
2018,11,19,Sat,54,54,50.3,56
2018,11,20,Sun,54,56,48.9,54
2018,11,21,Mon,56,54,50.9,51
2018,11,22,Tues,54,51,51.8,51
2018,11,23,Wed,51,51,49.5,45
2018,11,24,Thurs,51,45,45.2,55
2018,11,25,Fri,45,55,49.4,55
2018,11,26,Sat,55,55,49.1,56
2018,11,27,Sun,55,56,46,49
2018,11,28,Mon,56,49,47.2,50
2018,11,29,Tues,49,50,47,51
2018,11,30,Wed,50,51,49,51
2018,12,1,Thurs,51,51,45.1,44
2018,12,2,Fri,51,44,48.2,47
2018,12,3,Sat,44,47,47.8,52
2018,12,4,Sun,47,52,46.9,47
2018,12,5,Mon,52,47,46.9,44
2018,12,6,Tues,47,44,48.7,42
2018,12,7,Wed,44,42,44.2,39
2018,12,8,Thurs,42,39,48.3,40
2018,12,9,Fri,39,40,46.2,35
2018,12,10,Sat,40,35,45.5,46
2018,12,11,Sun,35,46,45.2,44
2018,12,12,Mon,46,44,45.2,40
2018,12,13,Tues,44,40,45.1,40
2018,12,14,Wed,40,40,42.3,37
2018,12,15,Thurs,40,37,44.2,36
2018,12,16,Fri,37,36,43.5,36
2018,12,17,Sat,36,36,45.3,33
2018,12,18,Sun,36,33,43.9,38
2018,12,19,Mon,33,38,43.8,46
2018,12,20,Tues,38,46,44.9,53
2018,12,21,Wed,46,53,44.7,50
2018,12,22,Thurs,53,50,44.4,45
2018,12,23,Fri,50,45,42.4,40
2018,12,24,Sat,45,40,44,41
2018,12,25,Sun,40,41,46.7,44
2018,12,26,Mon,41,44,46.5,45
2018,12,27,Tues,44,45,45.2,43
2018,12,28,Wed,45,43,48.4,47
2018,12,29,Thurs,43,47,42.8,51
2018,12,30,Fri,47,51,46.6,58
2018,12,31,Sat,51,58,45.7,39
2019,1,1,Fri,58,39,46.1,42
2019,1,2,Sat,39,42,44.5,46
2019,1,3,Sun,42,46,45.4,38
2019,1,4,Mon,46,38,48,41
2019,1,5,Tues,38,41,45.4,46
2019,1,6,Wed,41,46,46.5,50
2019,1,7,Thurs,46,50,46.6,46
2019,1,8,Fri,50,46,43.5,47
2019,1,9,Sat,46,47,44.9,49
2019,1,10,Sun,47,49,48.4,53
2019,1,11,Mon,49,53,47.7,43
2019,1,12,Tues,53,43,44,50
2019,1,13,Wed,43,50,46.1,57
2019,1,14,Thurs,50,57,45.7,48
2019,1,15,Fri,57,48,47.3,48
2019,1,16,Sat,48,48,50.1,54
2019,1,17,Sun,48,54,48.6,48
2019,1,18,Mon,54,48,45.6,56
2019,1,19,Tues,48,56,44.8,51
2019,1,20,Wed,56,51,46.7,49
2019,1,21,Thurs,51,49,47.5,54
2019,1,22,Fri,49,54,50,60
2019,1,23,Sat,54,60,46.8,48
2019,1,24,Sun,60,48,48.6,51
2019,1,25,Mon,48,51,48.5,55
2019,1,26,Tues,51,55,48.7,55
2019,1,27,Wed,55,55,46.6,55
2019,1,28,Thurs,55,55,47.7,55
2019,1,29,Fri,55,55,46.6,49
2019,1,30,Sat,55,49,47.1,50
2019,1,31,Sun,49,50,47.6,46
2019,2,1,Mon,50,46,50.2,45
2019,2,2,Tues,46,45,48.8,55
2019,2,3,Wed,45,55,47.6,51
2019,2,4,Thurs,55,51,50.8,53
2019,2,5,Fri,51,53,49.7,52
2019,2,6,Sat,53,52,51.5,51
2019,2,7,Sun,52,51,47.7,54
2019,2,8,Mon,51,54,52.2,58
2019,2,9,Tues,54,58,48.4,61
2019,2,10,Wed,58,61,49.8,55
2019,2,11,Thurs,61,55,50.5,56
2019,2,12,Fri,55,56,50.6,60
2019,2,15,Mon,56,60,49.4,57
2019,2,16,Tues,60,57,49.1,56
2019,2,17,Wed,57,56,47.4,57
2019,2,18,Thurs,56,57,49.1,52
2019,2,19,Fri,57,52,48.4,50
2019,2,20,Sat,52,50,48.1,51
2019,2,21,Sun,50,51,52.5,51
2019,2,22,Mon,51,51,51.4,51
2019,2,23,Tues,51,51,51.8,63
2019,2,24,Wed,51,63,51.2,59
2019,2,25,Thurs,63,59,50,63
2019,2,26,Fri,59,63,49.4,61
2019,2,27,Sat,63,61,53,57
2019,2,28,Sun,61,57,50.5,53
2019,3,1,Tues,57,53,50.5,61
2019,3,2,Wed,53,61,52.4,54
2019,3,3,Thurs,61,54,48.9,59
2019,3,4,Fri,54,59,54.8,57
2019,3,5,Sat,59,57,52.3,62
2019,3,6,Sun,57,62,50.9,61
2019,3,7,Mon,62,61,52.9,54
2019,3,8,Tues,61,54,49.5,51
2019,3,9,Wed,54,51,55.3,54
2019,3,10,Thurs,51,54,54.9,55
2019,3,11,Fri,54,55,51.4,52
2019,3,12,Sat,55,52,52,53
2019,3,13,Sun,52,53,50.9,51
2019,3,14,Mon,53,51,52.8,50
2019,3,15,Tues,51,50,50.8,52
2019,3,16,Wed,50,52,52.6,57
2019,3,17,Thurs,52,57,56.2,56
2019,3,18,Fri,57,56,52.8,61
2019,3,19,Sat,56,61,53.2,59
2019,3,20,Sun,61,59,56.7,55
2019,3,21,Mon,59,55,52.4,59
2019,3,22,Tues,55,59,53,56
2019,3,23,Wed,59,56,51.4,50
2019,3,24,Thurs,56,50,54.8,56
2019,3,25,Fri,50,56,55,56
2019,3,26,Sat,56,56,55.5,60
2019,3,27,Sun,56,60,58.4,51
2019,3,28,Mon,60,51,53.3,57
2019,3,29,Tues,51,57,57.1,64
2019,3,30,Wed,57,64,55,67
2019,3,31,Thurs,64,67,58.7,72
2019,4,1,Fri,67,72,55.8,73
2019,4,2,Sat,72,73,58.3,65
2019,4,3,Sun,73,65,55.2,69
2019,4,4,Mon,65,69,55.6,60
2019,4,5,Tues,69,60,59.3,58
2019,4,6,Wed,60,58,58.3,70
2019,4,7,Thurs,58,70,55.7,77
2019,4,8,Fri,70,77,60.7,75
2019,4,9,Sat,77,75,58.9,65
2019,4,10,Sun,75,65,57.3,59
2019,4,11,Mon,65,59,57.7,58
2019,4,12,Tues,59,58,55.8,57
2019,4,13,Wed,58,57,56.5,57
2019,4,14,Thurs,57,57,55.5,60
2019,4,15,Fri,57,60,56,59
2019,4,16,Sat,60,59,57.8,71
2019,4,17,Sun,59,71,57.9,77
2019,4,18,Mon,71,77,59.1,91
2019,4,19,Tues,77,91,58.7,82
2019,4,20,Wed,91,82,62.7,80
2019,4,21,Thurs,82,80,55.9,75
2019,4,22,Fri,80,75,61.4,65
2019,4,23,Sat,75,65,61.3,65
2019,4,24,Sun,65,65,58.4,56
2019,4,25,Mon,65,56,59.6,56
2019,4,26,Tues,56,56,60.4,61
2019,4,27,Wed,56,61,62.1,63
2019,4,28,Thurs,61,63,58.9,65
2019,4,29,Fri,63,65,59.6,61
2019,4,30,Sat,65,61,61.3,70
2019,5,1,Sun,61,70,59.3,80
2019,5,2,Mon,70,80,62.7,84
2019,5,3,Tues,80,84,62.9,72
2019,5,4,Wed,84,72,61.1,58
2019,5,5,Thurs,72,58,61.7,66
2019,5,6,Fri,58,66,64.9,79
2019,5,7,Sat,66,79,60.7,83
2019,5,8,Sun,79,83,63.1,65
2019,5,9,Mon,83,65,64.1,67
2019,5,10,Tues,65,67,65.6,75
2019,5,11,Wed,67,75,63.5,80
2019,5,12,Thurs,75,80,64.4,77
2019,5,13,Fri,80,77,61.9,80
2019,5,14,Sat,77,80,63.4,67
2019,5,15,Sun,80,67,64.9,56
2019,5,16,Mon,67,56,65.6,59
2019,5,17,Tues,56,59,65.8,69
2019,5,18,Wed,59,69,67.9,66
2019,5,19,Thurs,69,66,64.6,60
2019,5,20,Fri,66,60,66.3,65
2019,5,21,Sat,60,65,68.6,59
2019,5,22,Sun,65,59,65.9,63
2019,5,23,Mon,59,63,66.6,67
2019,5,24,Tues,63,67,67.3,70
2019,5,25,Wed,67,70,64.6,66
2019,5,26,Thurs,70,66,65.2,64
2019,5,27,Fri,66,64,66,66
2019,5,28,Sat,64,66,70.6,65
2019,5,29,Sun,66,65,70,63
2019,5,30,Mon,65,63,67.3,71
2019,5,31,Tues,63,71,63.9,77
2019,6,1,Wed,71,77,69.8,77
2019,6,2,Thurs,77,77,67,73
2019,6,3,Fri,77,73,68.3,80
2019,6,4,Sat,73,80,65.3,80
2019,6,5,Sun,80,80,67.2,89
2019,6,6,Mon,80,89,70.1,86
2019,6,7,Tues,89,86,69.7,85
2019,6,8,Wed,86,85,67.9,67
2019,6,9,Thurs,85,67,65.6,68
2019,6,10,Fri,67,68,67.1,68
2019,6,11,Sat,68,68,68.4,66
2019,6,12,Sun,68,66,72,68
2019,6,13,Mon,66,68,68.3,68
2019,6,14,Tues,68,68,67.1,56
2019,6,15,Wed,68,56,69.4,64
2019,6,16,Thurs,56,64,71.8,75
2019,6,17,Fri,64,75,68.8,68
2019,6,18,Sat,75,68,71.6,67
2019,6,19,Sun,68,67,69.7,74
2019,6,20,Mon,67,74,67.6,72
2019,6,21,Tues,74,72,68.9,70
2019,6,22,Wed,72,70,69.5,73
2019,6,23,Thurs,70,73,68.8,69
2019,6,24,Fri,73,69,71.1,68
2019,6,25,Sat,69,68,71,72
2019,6,26,Sun,68,72,72.1,79
2019,6,27,Mon,72,79,71.7,84
2019,6,28,Tues,79,84,73.2,79
2019,6,29,Wed,84,79,73.1,73
2019,6,30,Thurs,79,73,73.5,69
2019,7,1,Fri,73,69,70.7,79
2019,7,2,Sat,69,79,73.1,76
2019,7,3,Sun,79,76,73.1,74
2019,7,4,Mon,76,74,74,65
2019,7,5,Tues,74,65,76.6,67
2019,7,6,Wed,65,67,77.1,77
2019,7,7,Thurs,67,77,76.1,69
2019,7,8,Fri,77,69,76.2,71
2019,7,9,Sat,69,71,75.6,69
2019,7,10,Sun,71,69,75.7,74
2019,7,11,Mon,69,74,76.7,74
2019,7,12,Tues,74,74,73.9,76
2019,7,13,Wed,74,76,74,78
2019,7,14,Thurs,76,78,76.9,74
2019,7,15,Fri,78,74,75.6,75
2019,7,16,Sat,74,75,73.4,70
2019,7,17,Sun,75,70,75.5,77
2019,7,18,Mon,70,77,73.5,73
2019,7,19,Tues,77,73,79.3,76
2019,7,20,Wed,73,76,78.3,82
2019,7,21,Thurs,76,82,76.7,80
2019,7,22,Fri,82,80,77.8,73
2019,7,23,Sat,80,73,76.4,74
2019,7,24,Sun,73,74,75.3,79
2019,7,25,Mon,74,79,76.4,89
2019,7,26,Tues,79,89,78.2,78
2019,7,27,Wed,89,78,73.9,84
2019,7,28,Thurs,78,84,77,85
2019,7,29,Fri,84,85,79.5,84
2019,7,30,Sat,85,84,75.5,76
2019,7,31,Sun,84,76,78.1,73
2019,8,1,Mon,76,73,77.5,79
2019,8,2,Tues,73,79,78.4,76
2019,8,3,Wed,79,76,75.2,74
2019,8,4,Thurs,76,74,78.6,78
2019,8,5,Fri,74,78,78.7,81
2019,8,6,Sat,78,81,76.6,73
2019,8,7,Sun,81,73,76,68
2019,8,8,Mon,73,68,78.9,73
2019,8,9,Tues,68,73,78.5,71
2019,8,10,Wed,73,71,78.7,73
2019,8,11,Thurs,71,73,78.8,77
2019,8,12,Fri,73,77,76.6,89
2019,8,13,Sat,77,89,76.5,91
2019,8,14,Sun,89,91,76.3,83
2019,8,15,Mon,91,83,76.2,84
2019,8,16,Tues,83,84,77.2,83
2019,8,23,Tues,84,83,77.2,77
2019,8,28,Sun,83,77,74.4,74
2019,8,30,Tues,77,74,74,72
2019,9,3,Sat,74,72,75.4,65
2019,9,4,Sun,72,65,73.5,70
2019,9,5,Mon,65,70,74.4,66
2019,9,6,Tues,70,66,72,69
2019,9,7,Wed,66,69,72.9,67
2019,9,8,Thurs,69,67,74.8,72
2019,9,9,Fri,67,72,73.9,74
2019,9,10,Sat,72,74,70.6,79
2019,9,11,Sun,74,79,71,72
2019,9,12,Mon,79,72,72,71
2019,9,13,Tues,72,71,72.8,74
2019,9,14,Wed,71,74,69.5,78
2019,9,15,Thurs,74,78,68.8,69
2019,9,16,Fri,78,69,70.9,72
2019,9,17,Sat,69,72,72.5,66
2019,9,18,Sun,72,66,70.5,66
2019,9,19,Mon,66,66,70.4,69
2019,9,20,Tues,66,69,70.3,70
2019,9,21,Wed,69,70,69.4,66
2019,9,22,Thurs,70,66,68.7,66
2019,9,23,Fri,66,66,69.6,66
2019,9,24,Sat,66,66,68.6,68
2019,9,25,Sun,66,68,67.5,76
2019,9,26,Mon,68,76,67.2,79
2019,9,27,Tues,76,79,66.8,66
2019,9,28,Wed,79,66,67.4,67
2019,9,29,Thurs,66,67,63.1,65
2019,9,30,Fri,67,65,65.1,63
2019,10,1,Sat,65,63,64.6,64
2019,10,2,Sun,63,64,64.6,68
2019,10,3,Mon,64,68,62.6,59
2019,10,4,Tues,68,59,62.7,62
2019,10,5,Wed,59,62,62.8,62
2019,10,6,Thurs,62,62,59.8,67
2019,10,7,Fri,62,67,64.5,62
2019,10,8,Sat,67,62,65,67
2019,10,9,Sun,62,67,60.6,54
2019,10,10,Mon,67,54,61.5,59
2019,10,11,Tues,54,59,59.9,60
2019,10,12,Wed,59,60,58.6,68
2019,10,13,Thurs,60,68,61.4,64
2019,10,14,Fri,68,64,59.1,60
2019,10,15,Sat,64,60,62.7,65
2019,10,16,Sun,60,65,60.1,57
2019,10,17,Mon,65,57,59.7,60
2019,10,18,Tues,57,60,59.2,63
2019,10,19,Wed,60,63,57.5,57
2019,10,20,Thurs,63,57,59.5,59
2019,10,21,Fri,57,59,59.5,59
2019,10,22,Sat,59,59,60,61
2019,10,23,Sun,59,61,57,58
2019,10,24,Mon,61,58,55.8,63
2019,10,25,Tues,58,63,56.4,63
2019,10,26,Wed,63,63,56.2,60
2019,10,27,Thurs,63,60,56.9,57
2019,10,28,Fri,60,57,54,64
2019,10,29,Sat,57,64,53.6,66
2019,10,31,Mon,64,66,54.9,57
2019,11,1,Tues,66,57,52,56
2019,11,2,Wed,57,56,52.9,59
2019,11,3,Thurs,56,59,52.8,62
2019,11,4,Fri,59,62,53.6,67
2019,11,5,Sat,62,67,52.5,57
2019,11,6,Sun,67,57,50.2,58
2019,11,7,Mon,57,58,54.8,64
2019,11,8,Tues,58,64,52.5,73
2019,11,9,Wed,64,73,53,67
2019,11,10,Thurs,73,67,50.2,60
2019,11,11,Fri,67,60,51.8,61
2019,11,12,Sat,60,61,48.9,59
2019,11,13,Sun,61,59,49.1,51
2019,11,14,Mon,59,51,51.1,59
2019,11,15,Tues,51,59,49.9,58
2019,11,16,Wed,59,58,50.7,48
2019,11,17,Thurs,58,48,49.7,51
2019,11,18,Fri,48,51,50,56
2019,11,19,Sat,51,56,51.2,55
2019,11,20,Sun,56,55,52.9,53
2019,11,21,Mon,55,53,51.7,55
2019,11,22,Tues,53,55,50.8,55
2019,11,23,Wed,55,55,48.3,51
2019,11,24,Thurs,55,51,49.1,52
2019,11,25,Fri,51,52,49.2,48
2019,11,26,Sat,52,48,47.6,55
2019,11,27,Sun,48,55,47.5,50
2019,11,28,Mon,55,50,47.3,50
2019,11,29,Tues,50,50,49.3,51
2019,11,30,Wed,50,51,48.8,51
2019,12,1,Thurs,51,51,48.6,43
2019,12,2,Fri,51,43,48.2,50
2019,12,3,Sat,43,50,48,48
2019,12,4,Sun,50,48,47.9,49
2019,12,5,Mon,48,49,46.6,42
2019,12,6,Tues,49,42,45.9,42
2019,12,7,Wed,42,42,47,37
2019,12,8,Thurs,42,37,43.1,40
2019,12,9,Fri,37,40,46.7,38
2019,12,10,Sat,40,38,47.1,46
2019,12,11,Sun,38,46,42.5,43
2019,12,12,Mon,46,43,46.2,45
2019,12,13,Tues,43,45,43.3,38
2019,12,14,Wed,45,38,44.2,37
2019,12,15,Thurs,38,37,44.1,39
2019,12,16,Fri,37,39,45.1,34
2019,12,17,Sat,39,34,44.3,32
2019,12,18,Sun,34,32,42.2,40
2019,12,19,Mon,32,40,46.5,49
2019,12,20,Tues,40,49,48.2,54
2019,12,21,Wed,49,54,48.3,48
2019,12,22,Thurs,54,48,43.3,47
2019,12,23,Fri,48,47,41.2,41
2019,12,24,Sat,47,41,44.8,41
2019,12,25,Sun,41,41,42.5,40
2019,12,26,Mon,41,40,45.9,41
2019,12,27,Tues,40,41,46.9,49
2019,12,28,Wed,41,49,44.4,48
2019,12,29,Thurs,49,48,43.4,48
2019,12,30,Fri,48,48,46.3,60
2019,12,31,Sat,48,60,45.9,39
2020,1,1,Fri,60,39,42.1,47
2020,1,2,Sat,39,47,47,44
2020,1,3,Sun,47,44,46.9,41
2020,1,4,Mon,44,41,44.3,41
2020,1,5,Tues,41,41,47.4,39
2020,1,6,Wed,41,39,44.8,53
2020,1,7,Thurs,39,53,46.2,45
2020,1,8,Fri,53,45,48.3,48
2020,1,9,Sat,45,48,42.3,54
2020,1,10,Sun,48,54,45.4,50
2020,1,11,Mon,54,50,42.9,50
2020,1,12,Tues,50,50,48.5,52
2020,1,13,Wed,50,52,48,58
2020,1,14,Thurs,52,58,45,46
2020,1,15,Fri,58,46,47,48
2020,1,16,Sat,46,48,51.8,56
2020,1,17,Sun,48,56,48.3,50
2020,1,18,Mon,56,50,46.4,53
2020,1,19,Tues,50,53,47.1,51
2020,1,20,Wed,53,51,51.1,55
2020,1,21,Thurs,51,55,48.1,50
2020,1,22,Fri,55,50,46.3,59
2020,1,23,Sat,50,59,46.5,51
2020,1,24,Sun,59,51,46.1,48
2020,1,25,Mon,51,48,52.3,49
2020,1,26,Tues,48,49,51.6,54
2020,1,27,Wed,49,54,46.9,58
2020,1,28,Thurs,54,58,47.5,55
2020,1,29,Fri,58,55,51.4,49
2020,1,30,Sat,55,49,49.7,51
2020,1,31,Sun,49,51,48.2,48
2020,2,1,Mon,51,48,50.1,51
2020,2,2,Tues,48,51,51,52
2020,2,3,Wed,51,52,52.6,50
2020,2,4,Thurs,52,50,49.2,46
2020,2,5,Fri,50,46,48.4,54
2020,2,6,Sat,46,54,51.3,46
2020,2,7,Sun,54,46,50.1,49
2020,2,8,Mon,46,49,47.3,55
2020,2,9,Tues,49,55,50.1,66
2020,2,10,Wed,55,66,51.8,54
2020,2,11,Thurs,66,54,50.6,53
2020,2,12,Fri,54,53,47.1,57
2020,2,15,Mon,53,57,48.3,53
2020,2,16,Tues,57,53,52,58
2020,2,17,Wed,53,58,47.7,61
2020,2,18,Thurs,58,61,50.2,54
2020,2,19,Fri,61,54,52.4,51
2020,2,20,Sat,54,51,54.5,52
2020,2,21,Sun,51,52,49.9,48
2020,2,22,Mon,52,48,52.6,49
2020,2,23,Tues,48,49,53,62
2020,2,24,Wed,49,62,52.3,60
2020,2,25,Thurs,62,60,51.4,63
2020,2,26,Fri,60,63,53.6,58
2020,2,27,Sat,63,58,50.1,54
2020,2,28,Sun,58,54,54.8,55
2020,3,1,Tues,54,55,51,59
2020,3,2,Wed,55,59,55,54
2020,3,3,Thurs,59,54,52.8,60
2020,3,4,Fri,54,60,52.8,53
2020,3,5,Sat,60,53,50.9,65
2020,3,6,Sun,53,65,49.1,60
2020,3,7,Mon,65,60,51.2,54
2020,3,8,Tues,60,54,49.5,59
2020,3,9,Wed,54,59,51.3,57
2020,3,10,Thurs,59,57,56,55
2020,3,11,Fri,57,55,53.4,54
2020,3,12,Sat,55,54,50.3,48
2020,3,13,Sun,54,48,53.7,54
2020,3,14,Mon,48,54,50,52
2020,3,15,Tues,54,52,53.2,51
2020,3,16,Wed,52,51,52.2,54
2020,3,17,Thurs,51,54,50.1,54
2020,3,18,Fri,54,54,54.2,67
2020,3,19,Sat,54,67,54.7,67
2020,3,20,Sun,67,67,57,54
2020,3,21,Mon,67,54,52.6,55
2020,3,22,Tues,54,55,54,56
2020,3,23,Wed,55,56,55.6,52
2020,3,24,Thurs,56,52,53.8,49
2020,3,25,Fri,52,49,54.8,54
2020,3,26,Sat,49,54,56.3,61
2020,3,27,Sun,54,61,60.1,51
2020,3,28,Mon,61,51,57.1,56
2020,3,29,Tues,51,56,54.3,63
2020,3,30,Wed,56,63,57,64
2020,3,31,Thurs,63,64,54,74
2020,4,1,Fri,64,74,57.1,72
2020,4,2,Sat,74,72,53.5,61
2020,4,3,Sun,72,61,56.1,68
2020,4,4,Mon,61,68,57.6,62
2020,4,5,Tues,68,62,53.9,54
2020,4,6,Wed,62,54,55.2,68
2020,4,7,Thurs,54,68,58.1,80
2020,4,8,Fri,68,80,56.1,75
2020,4,9,Sat,80,75,57.8,65
2020,4,10,Sun,75,65,55.6,58
2020,4,11,Mon,65,58,58.1,64
2020,4,12,Tues,58,64,58.2,60
2020,4,13,Wed,64,60,57.6,64
2020,4,14,Thurs,60,64,57.1,59
2020,4,15,Fri,64,59,55.2,63
2020,4,16,Sat,59,63,55.3,68
2020,4,17,Sun,63,68,58.3,76
2020,4,18,Mon,68,76,59,90
2020,4,19,Tues,76,90,57.2,80
2020,4,20,Wed,90,80,60,84
2020,4,21,Thurs,80,84,60.3,72
2020,4,22,Fri,84,72,58.2,64
2020,4,23,Sat,72,64,60.7,65
2020,4,24,Sun,64,65,58.5,60
2020,4,25,Mon,65,60,62.4,60
2020,4,26,Tues,60,60,59.6,55
2020,4,27,Wed,60,55,62.4,57
2020,4,28,Thurs,55,57,60.8,66
2020,4,29,Fri,57,66,60.7,61
2020,4,30,Sat,66,61,66.2,65
2020,5,1,Sun,61,65,63.1,75
2020,5,2,Mon,65,75,61.7,85
2020,5,3,Tues,75,85,60.7,73
2020,5,4,Wed,85,73,63.1,62
2020,5,5,Thurs,73,62,61.7,63
2020,5,6,Fri,62,63,60.7,74
2020,5,7,Sat,63,74,61.4,85
2020,5,8,Sun,74,85,64.3,63
2020,5,9,Mon,85,63,66.5,64
2020,5,10,Tues,63,64,61.5,73
2020,5,11,Wed,64,73,66.3,82
2020,5,12,Thurs,73,82,63.5,73
2020,5,13,Fri,82,73,60.6,80
2020,5,14,Sat,73,80,67.2,67
2020,5,15,Sun,80,67,67.3,61
2020,5,16,Mon,67,61,66.4,62
2020,5,17,Tues,61,62,64,69
2020,5,18,Wed,62,69,61.2,61
2020,5,19,Thurs,69,61,62.7,63
2020,5,20,Fri,61,63,65.8,67
2020,5,21,Sat,63,67,65.2,59
2020,5,22,Sun,67,59,62.4,63
2020,5,23,Mon,59,63,63.5,62
2020,5,24,Tues,63,62,67.2,65
2020,5,25,Wed,62,65,67.3,67
2020,5,26,Thurs,65,67,64.1,69
2020,5,27,Fri,67,69,63.5,67
2020,5,28,Sat,69,67,69.5,68
2020,5,29,Sun,67,68,63,62
2020,5,30,Mon,68,62,67.1,67
2020,5,31,Tues,62,67,65,77
2020,6,1,Wed,67,77,66,72
2020,6,2,Thurs,77,72,66.8,72
2020,6,3,Fri,72,72,67.4,81
2020,6,4,Sat,72,81,69.2,81
2020,6,5,Sun,81,81,70.3,92
2020,6,6,Mon,81,92,71.8,87
2020,6,7,Tues,92,87,68,87
2020,6,8,Wed,87,87,63.7,64
2020,6,9,Thurs,87,64,67.3,64
2020,6,10,Fri,64,64,71.4,66
2020,6,11,Sat,64,66,68.3,62
2020,6,12,Sun,66,62,72.2,65
2020,6,13,Mon,62,65,70,67
2020,6,14,Tues,65,67,70.9,62
2020,6,15,Wed,67,62,70.9,71
2020,6,16,Thurs,62,71,64.5,67
2020,6,17,Fri,71,67,70.8,62
2020,6,18,Sat,67,62,72.5,67
2020,6,19,Sun,62,67,68.1,68
2020,6,20,Mon,67,68,70.1,76
2020,6,21,Tues,68,76,72.8,75
2020,6,22,Wed,76,75,70.3,76
2020,6,23,Thurs,75,76,71.6,74
2020,6,24,Fri,76,74,72.1,71
2020,6,25,Sat,74,71,71.5,70
2020,6,26,Sun,71,70,69.6,80
2020,6,27,Mon,70,80,74.5,88
2020,6,28,Tues,80,88,73.1,76
2020,6,29,Wed,88,76,72.5,72
2020,6,30,Thurs,76,72,72.3,75
2020,7,1,Fri,72,75,74,82
2020,7,2,Sat,75,82,70.6,72
2020,7,3,Sun,82,72,73.5,74
2020,7,4,Mon,72,74,72.5,72
2020,7,5,Tues,74,72,72.5,72
2020,7,6,Wed,72,72,75.3,78
2020,7,7,Thurs,72,78,74.9,70
2020,7,8,Fri,78,70,72.5,74
2020,7,9,Sat,70,74,73.2,70
2020,7,10,Sun,74,70,73.3,71
2020,7,11,Mon,70,71,78.2,73
2020,7,12,Tues,71,73,73.4,74
2020,7,13,Wed,73,74,78.4,71
2020,7,14,Thurs,74,71,79.3,74
2020,7,15,Fri,71,74,74.3,76
2020,7,16,Sat,74,76,76.9,71
2020,7,17,Sun,76,71,75.9,86
2020,7,18,Mon,71,86,76.7,73
2020,7,19,Tues,86,73,75.4,77
2020,7,20,Wed,73,77,75.7,82
2020,7,21,Thurs,77,82,73.2,79
2020,7,22,Fri,82,79,76,71
2020,7,23,Sat,79,71,78.7,75
2020,7,24,Sun,71,75,78.7,79
2020,7,25,Mon,75,79,78.7,82
2020,7,26,Tues,79,82,78.9,81
2020,7,27,Wed,82,81,79.3,83
2020,7,28,Thurs,81,83,76.9,83
2020,7,29,Fri,83,83,78.3,86
2020,7,30,Sat,83,86,73.1,79
2020,7,31,Sun,86,79,72.8,79
2020,8,1,Mon,79,79,76,77
2020,8,2,Tues,79,77,77,69
2020,8,3,Wed,77,69,77.1,76
2020,8,4,Thurs,69,76,78,80
2020,8,5,Fri,76,80,76.9,82
2020,8,6,Sat,80,82,79.4,68
2020,8,7,Sun,82,68,76.8,67
2020,8,8,Mon,68,67,81.1,73
2020,8,9,Tues,67,73,76.4,70
2020,8,10,Wed,73,70,77.1,75
2020,8,11,Thurs,70,75,78,77
2020,8,12,Fri,75,77,81.2,86
2020,8,13,Sat,77,86,76.6,92
2020,8,14,Sun,86,92,75.6,82
2020,8,15,Mon,92,82,77.8,84
2020,8,16,Tues,82,84,75.5,83
2020,8,23,Tues,84,83,74.4,81
2020,8,28,Sun,83,81,79.4,73
2020,8,30,Tues,81,73,73.3,69
2020,9,3,Sat,73,69,70.3,68
2020,9,4,Sun,69,68,75,64
2020,9,5,Mon,68,64,73,63
2020,9,6,Tues,64,63,72,67
2020,9,7,Wed,63,67,74.9,68
2020,9,8,Thurs,67,68,71,73
2020,9,9,Fri,68,73,73.6,75
2020,9,10,Sat,73,75,68.9,76
2020,9,11,Sun,75,76,73,68
2020,9,12,Mon,76,68,69.3,78
2020,9,13,Tues,68,78,72.4,72
2020,9,14,Wed,78,72,71.8,78
2020,9,15,Thurs,72,78,74.1,69
2020,9,16,Fri,78,69,70.6,71
2020,9,17,Sat,69,71,73.4,68
2020,9,18,Sun,71,68,69.2,68
2020,9,19,Mon,68,68,68.8,70
2020,9,20,Tues,68,70,72.6,65
2020,9,21,Wed,70,65,70.5,68
2020,9,22,Thurs,65,68,67.1,65
2020,9,23,Fri,68,65,68.1,62
2020,9,24,Sat,65,62,67.3,65
2020,9,25,Sun,62,65,66.5,72
2020,9,26,Mon,65,72,66.1,76
2020,9,27,Tues,72,76,69.4,74
2020,9,28,Wed,76,74,61.9,70
2020,9,29,Thurs,74,70,66.6,67
2020,9,30,Fri,70,67,64.9,68
2020,10,1,Sat,67,68,66.3,63
2020,10,2,Sun,68,63,65.5,61
2020,10,3,Mon,63,61,66.8,63
2020,10,4,Tues,61,63,62.1,63
2020,10,5,Wed,63,63,64.5,68
2020,10,6,Thurs,63,68,65.1,64
2020,10,7,Fri,68,64,63.5,65
2020,10,8,Sat,64,65,62.5,69
2020,10,9,Sun,65,69,57.8,58
2020,10,10,Mon,69,58,61.4,59
2020,10,11,Tues,58,59,62.9,59
2020,10,12,Wed,59,59,64.5,65
2020,10,13,Thurs,59,65,63.7,61
2020,10,14,Fri,65,61,63.5,59
2020,10,15,Sat,61,59,61.3,57
2020,10,16,Sun,59,57,55.9,58
2020,10,17,Mon,57,58,59.2,60
2020,10,18,Tues,58,60,59.8,62
2020,10,19,Wed,60,62,59.4,62
2020,10,20,Thurs,62,62,57,63
2020,10,21,Fri,62,63,57.4,58
2020,10,22,Sat,63,58,60.9,64
2020,10,23,Sun,58,64,55.8,57
2020,10,24,Mon,64,57,58.5,62
2020,10,25,Tues,57,62,59,66
2020,10,26,Wed,62,66,57.9,56
2020,10,27,Thurs,66,56,54.8,62
2020,10,28,Fri,56,62,54,65
2020,10,29,Sat,62,65,55.9,68
2020,10,31,Mon,65,68,56.3,60
2020,11,1,Tues,68,60,56,56
2020,11,2,Wed,60,56,57.2,60
2020,11,3,Thurs,56,60,54.8,65
2020,11,4,Fri,60,65,55,69
2020,11,5,Sat,65,69,52.6,58
2020,11,6,Sun,69,58,56,61
2020,11,7,Mon,58,61,54.9,61
2020,11,8,Tues,61,61,52.4,72
2020,11,9,Wed,61,72,52.6,64
2020,11,10,Thurs,72,64,52.2,61
2020,11,11,Fri,64,61,48.2,65
2020,11,12,Sat,61,65,52.5,61
2020,11,13,Sun,65,61,47.3,53
2020,11,14,Mon,61,53,45.9,62
2020,11,15,Tues,53,62,51.6,58
2020,11,16,Wed,62,58,49.7,46
2020,11,17,Thurs,58,46,50.4,53
2020,11,18,Fri,46,53,48.2,55
2020,11,19,Sat,53,55,48.7,53
2020,11,20,Sun,55,53,52,57
2020,11,21,Mon,53,57,50.4,50
2020,11,22,Tues,57,50,50,55
2020,11,23,Wed,50,55,50.1,47
2020,11,24,Thurs,55,47,46.2,52
2020,11,25,Fri,47,52,50.3,53
2020,11,26,Sat,52,53,49.2,57
2020,11,27,Sun,53,57,44.9,47
2020,11,28,Mon,57,47,50.5,48
2020,11,29,Tues,47,48,48.4,54
2020,11,30,Wed,48,54,48,53
2020,12,1,Thurs,54,53,43.2,44
2020,12,2,Fri,53,44,48.3,48
2020,12,3,Sat,44,48,48.4,54
2020,12,4,Sun,48,54,42,46
2020,12,5,Mon,54,46,43.9,41
2020,12,6,Tues,46,41,50.6,42
2020,12,7,Wed,41,42,44.6,39
2020,12,8,Thurs,42,39,46.8,39
2020,12,9,Fri,39,39,45.8,38
2020,12,10,Sat,39,38,43.8,46
2020,12,11,Sun,38,46,48.1,45
2020,12,12,Mon,46,45,45,40
2020,12,13,Tues,45,40,44.8,38
2020,12,14,Wed,40,38,46.1,41
2020,12,15,Thurs,38,41,47.9,36
2020,12,16,Fri,41,36,45.2,32
2020,12,17,Sat,36,32,47.2,34
2020,12,18,Sun,32,34,46.3,35
2020,12,19,Mon,34,35,45.2,44
2020,12,20,Tues,35,44,46.3,56
2020,12,21,Wed,44,56,44.4,48
2020,12,22,Thurs,56,48,43.8,46
2020,12,23,Fri,48,46,43.2,40
2020,12,24,Sat,46,40,43.1,41
2020,12,25,Sun,40,41,46.6,40
2020,12,26,Mon,41,40,44.2,48
2020,12,27,Tues,40,48,43.8,46
2020,12,28,Wed,48,46,48.5,52
2020,12,29,Thurs,46,52,44.7,52
2020,12,30,Fri,52,52,46.3,61
2020,12,31,Sat,52,61,47.4,40
2021,1,1,Fri,61,40,44.3,44
2021,1,2,Sat,40,44,46,46
2021,1,3,Sun,44,46,45,39
2021,1,4,Mon,46,39,44.5,41
2021,1,5,Tues,39,41,45,46
2021,1,6,Wed,41,46,47.3,50
2021,1,7,Thurs,46,50,47.9,44
2021,1,8,Fri,50,44,45.2,49
2021,1,9,Sat,44,49,48.1,49
2021,1,10,Sun,49,49,46.2,53
2021,1,11,Mon,49,53,48.1,43
2021,1,12,Tues,53,43,45.4,49
2021,1,13,Wed,43,49,46.3,57
2021,1,14,Thurs,49,57,48,51
2021,1,15,Fri,57,51,48,49
2021,1,16,Sat,51,49,45.5,56
2021,1,17,Sun,49,56,45.8,48
2021,1,18,Mon,56,48,47.3,56
2021,1,19,Tues,48,56,47.6,50
2021,1,20,Wed,56,50,47.3,52
2021,1,21,Thurs,50,52,48.2,54
2021,1,22,Fri,52,54,49.5,56
2021,1,23,Sat,54,56,46.4,48
2021,1,24,Sun,56,48,46.8,51
2021,1,25,Mon,48,51,48.2,53
2021,1,26,Tues,51,53,48.3,55
2021,1,27,Wed,53,55,46.6,57
2021,1,28,Thurs,55,57,47.9,55
2021,1,29,Fri,57,55,50,50
2021,1,30,Sat,55,50,50.1,47
2021,1,31,Sun,50,47,48.6,46
2021,2,1,Mon,47,46,49.6,45
2021,2,2,Tues,46,45,50.5,52
2021,2,3,Wed,45,52,50.5,47
2021,2,4,Thurs,52,47,50.5,48
2021,2,5,Fri,47,48,47.6,52
2021,2,6,Sat,48,52,47.8,47
2021,2,7,Sun,52,47,50.4,51
2021,2,8,Mon,47,51,48.4,55
2021,2,9,Tues,51,55,51.2,64
2021,2,10,Wed,55,64,50.6,54
2021,2,11,Thurs,64,54,48.7,56
2021,2,12,Fri,54,56,50.3,57
2021,2,15,Mon,56,57,51.8,54
2021,2,16,Tues,57,54,49,57
2021,2,17,Wed,54,57,50.1,57
2021,2,18,Thurs,57,57,51.6,52
2021,2,19,Fri,57,52,50,50
2021,2,20,Sat,52,50,48.7,53
2021,2,21,Sun,50,53,52.2,53
2021,2,22,Mon,53,53,50.5,50
2021,2,23,Tues,53,50,51.3,59
2021,2,24,Wed,50,59,50.5,61
2021,2,25,Thurs,59,61,51.9,62
2021,2,26,Fri,61,62,49.4,61
2021,2,27,Sat,62,61,51.2,56
2021,2,28,Sun,61,56,51.8,52
2021,3,1,Tues,56,52,51.7,60
2021,3,2,Wed,52,60,51.2,54
2021,3,3,Thurs,60,54,50.6,57
2021,3,4,Fri,54,57,51.9,56
2021,3,5,Sat,57,56,51.1,63
2021,3,6,Sun,56,63,51.2,60
2021,3,7,Mon,63,60,53.1,53
2021,3,8,Tues,60,53,51.2,55
2021,3,9,Wed,53,55,51.3,57
2021,3,10,Thurs,55,57,52.3,58
2021,3,11,Fri,57,58,51.3,54
2021,3,12,Sat,58,54,52,54
2021,3,13,Sun,54,54,55,54
2021,3,14,Mon,54,54,52.1,48
2021,3,15,Tues,54,48,53.9,53
2021,3,16,Wed,48,53,52,53
2021,3,17,Thurs,53,53,54.1,60
2021,3,18,Fri,53,60,52.3,64
2021,3,19,Sat,60,64,53,63
2021,3,20,Sun,64,63,52.4,57
2021,3,21,Mon,63,57,55.1,58
2021,3,22,Tues,57,58,54.5,55
2021,3,23,Wed,58,55,53.1,52
2021,3,24,Thurs,55,52,56.9,52
2021,3,25,Fri,52,52,53.2,58
2021,3,26,Sat,52,58,53.9,57
2021,3,27,Sun,58,57,54.5,53
2021,3,28,Mon,57,53,55.8,56
2021,3,29,Tues,53,56,54.4,64
2021,3,30,Wed,56,64,56.1,68
2021,3,31,Thurs,64,68,57.2,73
2021,4,1,Fri,68,73,56,71
2021,4,2,Sat,73,71,58.2,64
2021,4,3,Sun,71,64,55.6,68
2021,4,4,Mon,64,68,55.8,60
2021,4,5,Tues,68,60,55.8,56
2021,4,6,Wed,60,56,55.5,68
2021,4,7,Thurs,56,68,55.2,75
2021,4,8,Fri,68,75,57.8,75
2021,4,9,Sat,75,75,57.6,64
2021,4,10,Sun,75,64,57.1,59
2021,4,11,Mon,64,59,58.1,60
2021,4,12,Tues,59,60,56.8,62
2021,4,13,Wed,60,62,57.6,57
2021,4,14,Thurs,62,57,59.4,61
2021,4,15,Fri,57,61,56.8,59
2021,4,16,Sat,61,59,60.4,66
2021,4,17,Sun,59,66,58.6,75
2021,4,18,Mon,66,75,59.2,90
2021,4,19,Tues,75,90,57.1,79
2021,4,20,Wed,90,79,60.1,79
2021,4,21,Thurs,79,79,59.2,75
2021,4,22,Fri,79,75,59.2,65
2021,4,23,Sat,75,65,59.2,66
2021,4,24,Sun,65,66,59.7,56
2021,4,25,Mon,66,56,60.1,59
2021,4,26,Tues,56,59,61.8,62
2021,4,27,Wed,59,62,59.4,61
2021,4,28,Thurs,62,61,62.2,65
2021,4,29,Fri,61,65,59.5,61
2021,4,30,Sat,65,61,61,66
2021,5,1,Sun,61,66,61.3,75
2021,5,2,Mon,66,75,63.1,85
2021,5,3,Tues,75,85,63.9,76
2021,5,4,Wed,85,76,64.2,59
2021,5,5,Thurs,76,59,64.3,70
2021,5,6,Fri,59,70,61.4,76
2021,5,7,Sat,70,76,63.4,80
2021,5,8,Sun,76,80,64.4,63
2021,5,9,Mon,80,63,63.6,68
2021,5,10,Tues,63,68,63.6,75
2021,5,11,Wed,68,75,64.1,79
2021,5,12,Thurs,75,79,63.4,78
2021,5,13,Fri,79,78,63.6,80
2021,5,14,Sat,78,80,63.1,63
2021,5,15,Sun,80,63,64.3,56
2021,5,16,Mon,63,56,64.7,62
2021,5,17,Tues,56,62,63,73
2021,5,18,Wed,62,73,64.2,63
2021,5,19,Thurs,73,63,65.7,63
2021,5,20,Fri,63,63,67.3,67
2021,5,21,Sat,63,67,64.8,61
2021,5,22,Sun,67,61,66.5,66
2021,5,23,Mon,61,66,65,64
2021,5,24,Tues,66,64,68.2,64
2021,5,25,Wed,64,64,65.2,66
2021,5,26,Thurs,64,66,67.2,63
2021,5,27,Fri,66,63,65.2,62
2021,5,28,Sat,63,62,67.5,62
2021,5,29,Sun,62,62,66.4,63
2021,5,30,Mon,62,63,67.2,70
2021,5,31,Tues,63,70,66.3,81
2021,6,1,Wed,70,81,65.8,76
2021,6,2,Thurs,81,76,66.8,69
2021,6,3,Fri,76,69,66.5,80
2021,6,4,Sat,69,80,67,83
2021,6,5,Sun,80,83,68.2,93
2021,6,6,Mon,83,93,70,86
2021,6,7,Tues,93,86,68.9,85
2021,6,8,Wed,86,85,68.5,68
2021,6,9,Thurs,85,68,67.8,63
2021,6,10,Fri,68,63,70.1,68
2021,6,11,Sat,63,68,69.8,67
2021,6,12,Sun,68,67,67.3,71
2021,6,13,Mon,67,71,71.1,66
2021,6,14,Tues,71,66,70.2,58
2021,6,15,Wed,66,58,71.1,65
2021,6,16,Thurs,58,65,68.5,72
2021,6,17,Fri,65,72,69.4,66
2021,6,18,Sat,72,66,69.1,64
2021,6,19,Sun,66,64,69.1,68
2021,6,20,Mon,64,68,72.4,76
2021,6,21,Tues,68,76,71.2,75
2021,6,22,Wed,76,75,72.5,75
2021,6,23,Thurs,75,75,72.1,68
2021,6,24,Fri,75,68,70.9,67
2021,6,25,Sat,68,67,73.5,70
2021,6,26,Sun,67,70,71,76
2021,6,27,Mon,70,76,73.3,83
2021,6,28,Tues,76,83,73.2,81
2021,6,29,Wed,83,81,73.2,75
2021,6,30,Thurs,81,75,73.3,75
2021,7,1,Fri,75,75,71.4,76
2021,7,2,Sat,75,76,73.5,77
2021,7,3,Sun,76,77,74.6,72
2021,7,4,Mon,77,72,74.2,66
2021,7,5,Tues,72,66,74.8,69
2021,7,6,Wed,66,69,74.5,76
2021,7,7,Thurs,69,76,73.8,68
2021,7,8,Fri,76,68,73.5,74
2021,7,9,Sat,68,74,74.3,69
2021,7,10,Sun,74,69,73.4,75
2021,7,11,Mon,69,75,73.4,73
2021,7,12,Tues,75,73,74.6,79
2021,7,13,Wed,73,79,75.4,76
2021,7,14,Thurs,79,76,76.2,77
2021,7,15,Fri,76,77,75.7,76
2021,7,16,Sat,77,76,74.9,74
2021,7,17,Sun,76,74,75.9,79
2021,7,18,Mon,74,79,77.3,75
2021,7,19,Tues,79,75,78.3,78
2021,7,20,Wed,75,78,76.4,82
2021,7,21,Thurs,78,82,77.2,83
2021,7,22,Fri,82,83,77.7,73
2021,7,23,Sat,83,73,77.1,73
2021,7,24,Sun,73,73,77.5,80
2021,7,25,Mon,73,80,75.6,83
2021,7,26,Tues,80,83,77,81
2021,7,27,Wed,83,81,77.6,82
2021,7,28,Thurs,81,82,76.5,86
2021,7,29,Fri,82,86,79.1,88
2021,7,30,Sat,86,88,77.6,74
2021,7,31,Sun,88,74,77.3,73
2021,8,1,Mon,74,73,77.5,75
2021,8,2,Tues,73,75,77.5,73
2021,8,3,Wed,75,73,78.3,77
2021,8,4,Thurs,73,77,75.9,82
2021,8,5,Fri,77,82,79.3,78
2021,8,6,Sat,82,78,77.7,71
